platform,komentar
YouTube,aku nonton ini ngulang 4× KARENA SERUUU BGTTTT
YouTube,Aku pernah nonton itu😅
YouTube,Cikal bakal meledak nya Agak Laen 2😂😅
YouTube,"Walaupun orang2 bilang film ke 2 lebih lucu, tapi menurutku film pertama ini paling lucu"
YouTube,Agak laen kau agak laen bapak my agak lagi kau sekeluarga 😂😂😂
YouTube,Bikin film Batak bang
YouTube,Rumah orang miskin!! 😂😂
YouTube,Emang agak Laen
YouTube,film nya baguss bngttt
YouTube,udah nonton dan emng seseru itu lohh
YouTube,Komedy hororr keren🎉
YouTube,"Ugh.. Film Agak Laen Tuh JELEK Banget

THIS MOVIE IS RUINED MY LIFE
MY SLASHER MOVIE
MY BOLLYWOOD MOVIE
THIS MOVIE IS SUCKS"
YouTube,Tisa biani maen di kkn & agak laen jadi film terlaris di indonesia top 1 & 2
YouTube,"Aku baru nonton 😭 padahal suka bgt nonton agak laen. Tp filmnya baru ku tonton. Lucu bgt paraaaah, nontonnya nangis berkali2, ketawa berkali2,oki bikin nangis krn kaitannya tntg ibu, jegel sampe ending pun BTS nya bikin ngakak yg dia jalan kemana tau 🤣 smoga agak laen 2 bisa ku tonton lgsg di cinema"
YouTube,Lagian udh tau pnya riwayat di jantung ngpain ke rumh hantu😭😭😭😭😭
YouTube,baru nonton di netflix padahal udah dari dulu nonton podcast agak laen hahahha alhamdulillah engga nonton trailer ini jadinya lebih seruuu.
YouTube,Nahhh nih hantu gampang di lawan
YouTube,😂🤣🤣🤣👍👍
YouTube,"Masih blm menarik minat saya nonton komedi indonesia.
Thailand masih juara 🥉 klo soal lucu,
Korea jg banyak Yg lucu"
YouTube,"For me cite ni best. Jalan cite tak meleret. Pelakon2 pun mmg kelakor. Spontan je kelakor dia. Especially yg botak tu. Suka lakonan dia. TP lawaknya biasa-biasa je. I dont know why, mmg x gelak langsung tengok cite ni😅 Ade a few of scene je yg lawak tp tak de la sampai nak ketawa guling2. Ntah la mungkin urat gelak ak dah putus kut😂 Overall ok la still worth watching. Ending pun ok. 06/10✨"
YouTube,skrg jadi 2 dan 3 karena disalip jumbo
YouTube,"Gpp bang, gw yg udh nonton di bioskop ngakak abis sama film ini. Padahal gw orangnya sering skeptis sama film2 buatan Indonesia"
YouTube,"@abdullahryadz2960  semoga aja ya, nti saya coba 👍"
YouTube,Seru banget film agak laen😊
YouTube,Comment est ce film ?
YouTube,Bagus❤❤❤❤❤❤❤❤❤sekali
YouTube,😮 lebih ke sarkas sih :)
YouTube,Tapi lebih ke sarkas sih :)
YouTube,Gua telat
YouTube,Ini beneren komedikah?? Tpi kok trailernya kyk seram gtu yages?
YouTube,"Info dong, pengen nonton tp takut kalo seram😢"
YouTube,Akhirnya td mlm nonton di Netflix. Perutku sakit ngakak mulu 🤣🤣🤣 Oki aktingnya boleh juga 👍
YouTube,review dari 🇲🇾 sumpah lawakkk gila keras perut gelakk 😂😂😂😂
YouTube,Gaje😂😂😂😂😂🤣🤣🤣
YouTube,Lebih baik jangan la samakan melontar jumrah dengan permainan itu.. kerana melontar jumrah itu ibadah jangan dimainkannya.. ingat ya
YouTube,Saya sudah nonton di Netflix.  Dijamin terhibur. Filem komedi horror terbaik❤
YouTube,lumayan
YouTube,UDAHH NONTON SERU ABISS
YouTube,"Wuihhh keren Bagus alur cerita nih film tp kurang sedikit Complect..
- Bang.Sadana Totalitas acting'y mantap
- Bang.Oki cocok drama akting jd orang susah sangat menjiwai
- satu Bioskop pecah ketika Nopek&Kristo membawakan ras komedi.
- seandainya Bang.Ari kriting&Pras berperan jd Detectif/Intel pasti lebih kocak disetiap kemunculannya akan banyak jump scare mungkin.
- wkwkk Yono Sukses besar, hanya beberap detik berhasil membuat orang2 berkesan."
YouTube,LAMO (PHAHAHAHA😂😂😂😂😂😂😂😂😂😂)
YouTube,"Gua dari Malaysia, gua bakal liat cerita ini harini juga... Ga ada tapi tapi.... Gua bakal liat disekolah ku.... 😤😤😤"
YouTube,Gw kira diakhir pas jegel kluar penjara bakal dijemput rais
YouTube,tak ada next movie dari agak laen ke? salam dari malaysia
YouTube,Komedi gado gado
YouTube,"gak ada seremnya, kalo ngakak iya, namanya juga agak laen wkwkwk"
YouTube,Lucu kok. Dramanya juga ada. Lengkap pokoknya hehehe. Dijamin nggak ketakutan tapi ketawa ngakak😂
YouTube,10/10 . Salam dri Malaysia. Ceritanya lucu amat
YouTube,Kelakarr gilaaa citer ni😂😂. Berair mata gelak punya pasal. Lawak dia tu spontan. Dah la muka sorang2 mcm tu. Hahha
YouTube,"Rumahnya hantu agak laen
Kayanya aku tidak tau rumah-rumah ini"
YouTube,Agak Laen
YouTube,Korbannya Om Arief Didu....😆😆😆😆😆😆
YouTube,"Paling suka sama film Indo yang suasananya bener-bener mencirikan ada di Indonesia, 
Sama Lucu sih castingnya, pemeran utamanya orang-orang batak dan emang diperankan orang yang punya darah batak tapi logatnya tipis-tipis, kadang gak masuk logatnya.. 😂"
YouTube,"Abis nonton di Netflix bersama suami bule.. dia ketawa tawa walaupun baca subtitle nya,. Alhamdulillah"
YouTube,Baru tonton di Netflix. Lucu sekali. Aku akan ulang nonton nanti.
YouTube,Seru banget ini udh nonton pliss ada s2 nya
YouTube,"NEXT HARAP-HARAP FILM AGAK LAEN ADA SEKUEL NO 2 DAN TAMBAH PELAKON ATAU KOMIKA SEPERTI GENG -GENG LAPOR PAK SURYA INSOMNIA,WENDY CAGUR,ANDHIKA PRATAMA,KOMANDAN ANDRE TAULANY,KOMANDAN INDRO WARKOP KERANA FILM AGAK LAEN SEPERTI LEGACY LAWAK FILM-FILM 90AN,HARAP-HARAP PENGARAH DAN PRODUCER DAPAT REALITASIKAN PEMINAT FILM AGAK LAEN"
YouTube,Cerita dan aktornya jempolan
YouTube,saya dr singapore .saya suka sangat sekali cerita ni
YouTube,"As malaysian, we need make this movie like that, remind us senario golden era. The joke and great relationship. Dont always make gangster movie, thats why sheriff is useless in indo"
YouTube,Lucuuuu buangetttttt❤❤❤❤❤😂😂😂😂😂
YouTube,Angin apa yang bisa buka kursi lipat?  ANGIN DUDUK!!! disini gue merasa bahwa kalian anjing bangets😂😂
YouTube,Bahasanya dari daerah mana ya?
YouTube,Lucu ini wjkw horor komedi
YouTube,"2025 masih menonton, anjir ngakar teguling2 kek pocong.. sumpah lucuuuu
,"" dancccuuuukkk setannnnnya Bataak"" 😂😂😂😂😂😂"
YouTube,"I like this movie, from Vietnam ❤️"
YouTube,Lah aq g pernah bunuh orang lho brooo
YouTube,@The koolpals
YouTube,mmg mantap haha
YouTube,Sudah kami review yaa
YouTube,"Baru lihat di Netflix, the best movie top Malaysia no 1 tahniah bro👏🏼👏🏼"
YouTube,"Gila sih mereka bukan aktor loh, tapi bagus banget aktingnya terutama Oki bagian dia sma mamaknya pasti nangis gw.. suskes buat Agak Laen ❤❤❤😂😂😂😂"
YouTube,"Luarbiasa gw ngakak sedih, tegang juga disatu film ini 😂😂😂😂😂😂😢😢😢😮😮😮😂😂😂"
YouTube,Dari brunei! Lucu sekali lakonan nya! Suka bangett
YouTube,7juta penonton gaes
YouTube,Kangen mantan jadi puter ulang trailer nya agak laen karna pas nonton ini ketawa ketawa bareng sama mantan :)
YouTube,Akhirnya Ada Film Indo Yang Lucu Dan Horror *Dari Cucu
YouTube,😮😮😮 angin apa yang bisa buka kursi lipat??? ANGIN DUDUK 😅😅😅
YouTube,Ada ketawanya tpi ending nya bikin nyesek  sampai lupa buka puasa waktu nonton ini di bioskop
YouTube,Tayang di netflix kah ?
YouTube,Kukira ada aming😂
YouTube,"klo komika lucunya garing dan gak adab, krn maksain Lucunya"
YouTube,Sudah ready di platform online kah?
YouTube,PLSSS UDH JADI TERLARIS KE 2 DI INDO 😭😭👍👍
YouTube,Bang bikin agak lain kedua
YouTube,Nntn trailernya aja udh ngakak😂
YouTube,Saya dari Brunei. Baru tengok semalam.. saya kasi 10/10.. mesti tengok beberapa kali. Lucu banget
YouTube,season 2 tayang 2025 ya?
YouTube,"Besok putar filmnya lagi, tayang d Netflix"
YouTube,"bacot dek, nonton juga kaga malah ngatain komedinya garing"
YouTube,"Jujur cerita nya keren tapi pemainnya kok saya gag ada yg kenal ya, apa emang ini low budget gag pake artis pemain papan atas dengan fee rendah karena Untung untungan takut gag laku"
YouTube,Jegel mqnq
YouTube,Tembus ke bioskop Amerika ini
YouTube,"One of the best movie. I said all movie, not just Indonesian"
YouTube,Panik gak tu wkwkkkk🤣😂😂😂
YouTube,"Kocak banget film nya, hampir sepanjangan ketawa"
YouTube,"Saya lebih suka yang beginian dari pada film horor sebelum sebelumnya, yg kesannya malah terlalu sadis, gak serrem setannya, malah menampilkan pembunuhan dan pembunuhan pembunuhan sadis sadis, gak sesuai dengan genrenya yg katanya horor, malah yg di tampilkan pembunuhan pembunuhan sesuatu yg tidak patut di pertontonkan, terlalu sadis, gak ada kesan horornya sama sekali"
YouTube,"arip didu wkwkwkk
bapak bapak kocak . . ."
YouTube,Lucuuukk bgt ini filmnya. Kocak abis deh
YouTube,Ga lucu dah
YouTube,Emg indonesia the best dh bikin film lucu 😅😅
YouTube,ngakak parah.. asli.. wajar kalau penonton banyak
YouTube,Oi kapan tayang udh ngk sabar nih 😭😭😭
YouTube,"aku udah nontonnn, kerennn bangettt"
YouTube,Ak uda noton di biosok seruu😂 kalo tidak lucu bukan agam lain
YouTube,Biase aje
YouTube,Di netflix ada kluar blom?
YouTube,Aku ada ide…. Wkwkwkwkw jegel jegel…. Idenya koplak semua wkwkwkwkkw
YouTube,"setannya batak, lucu banget nopek. untung gak nonton trailernya dulu."
YouTube,comedy horor drama sampe crime ada semua... genre bending bgt nih film gokil
YouTube,Artis papan atas emang ada yang lucu? Kalo pemainnya jefri nichol ya nggak lucu lah filmnya
YouTube,ga ada yg kenal? ini pemerannya komika yg udah terkenal malah dibilang low budget. lah terus film komedi kayak gini siapa aktor/aktris yg cocok? reza rahadian? 😅
YouTube,"Ku jelasin sini walaupun udah telat. Mungkin lu gak banyak kenal karena gak terlalu ngikutin komika/komedian. It's oke sama kek orang yg gak ngikutin film juga gak hafal sama aktornya. 
Jadi film ini muncul dari podcast Agak Laen (podcast Agak Laen sudah berdiri jauh sebelum film ini diumumkan). Makanya main cast-nya 4 orang itu karena memang mereka anggota podcast Agak Laen. Film ini digarap di PH Imajinari (punyanya Koh Ernest) which is dia juga komika. Film ini dari awal mau dibikin komedi, jadi nyari pemain-pemainnya rata-rata komika semua, bahkan sutradaranya pun komika. Kalau mau cari tau coba telusuri sosmed masing-masing castnya. Mereka semua udah komika papan atas"
YouTube,Waduu bisa bisa klo sambutan nya bagus bisa bisa di remake ma Hollywood
YouTube,"Ini film kocak bgt, awal nya gue ga tertarik. Tp pas gue coba filmnya gue ngakak dr awal sampai akhir"
YouTube,Saya baru saja lihat memang movie nya lucu 😂 dan terbaik ❤
YouTube,Gw udah nonton seruuu bgt
YouTube,Angin apa yg bisa buka kursi Lipat 😂 angin duduk ya kan 😂
YouTube,Angin duduk.. Bangke lah..🤣🤣
YouTube,Aku dari Malaysia udah tgk ceritanya mmg lucu banget😂. Sakit perut ketawa dlm panggung😂. 10/10👍🏻
YouTube,"review jujur dari gue dari malaysia. 10000/10.. saya udah nonton semalam. plot twist yg menarik, jalan cerita tk bosan, lawak tak hambar, lagi excited mahu menunggu apa jadi. memang keren banget.. salam dari malaysia.."
YouTube,Kok bisa begini lucu banget😂😂
YouTube,Jadi nya uda brp juta yg nonton. Kmren aku hbs nonton. Ya gitu agak laen emng.. Sampe mikir ini joke nya buat angktn gen brp gtuu. (?)
YouTube,Film komedi Indonesia yg paling Lucu yg pernah gw tonton 👍🏻
YouTube,Fileeemmm nya kereeennn..🎉🎉🎉
YouTube,Plis ini yg legal nonton dimana.yaahhh ga sempat ke bioskop aku loh😢😢
YouTube,aku udah nonton...tp kesan horornya tipis bngt gak kerasa .pdhl.mskpn film komedi horor ny hrs ttp ada..malah jd kyk nonton drama  biasa aj. sy pernah nonton horor komedi jg yg menceritakan ttg seorng penulis novel yg dibantu hantu utk menceritakan kisah nya knp sampe meninggal..suer lucu bngt tp horor nya ttp kerasa serem serem nya ttp ada...nah di film agak lain kurang greget klo menurut saya.
YouTube,Kisah cinta marlina dan bg tohar bisa tu
YouTube,"AMPE SEKARANG PUN MASIH LUCU NIH FILM, HERAN BANGET DEH 🤣🤣🤣"
YouTube,"Habis nonton malem ini. Nggak nyangka akan sebagus ini. Ada komedi dan dramanya juga. Plus bonus blooper di akhirnya wkwkw.

Agak Laen emang. Terus berkarya 🎉"
YouTube,Tetap stayhaLaL yak teman-teman
YouTube,"Pngn bgt nonton ini abang²
Tp dalam dana blm bisa😔"
YouTube,Mantab
YouTube,"Kocak Nopek bilang ""Cuuuk Setanne Batak TOK!"" Joke rasis yg dapat diterima wkwkwk"
YouTube,Mantaabbb. sempat pesimis tkutnya jokes2 nya ga relate sama penonton malaysia.
YouTube,​ @Mainan_abangIlham relate bro menarik filem nya
YouTube,"Jgn risau lah,orang malaysia sekarang lagi bnyak yg suka tengok komedi2 dari indonesia,acara komedi di malaysia skrg sudah garing,jadi org2 dimalaysia memang suka acara lawak dri indonesia​ @Mainan_abangIlham "
YouTube,"​ @Mainan_abangIlham  aku dari Malaysia, sumpah setiap detik bikin ngakak mulu, ngak ada seremnya 😂 ya wajar ini film horror komedi, aku rate 1000/10, nice banget 👍👍🤩"
YouTube,Maju terus bro
YouTube,Kocak yak..
YouTube,Jangan berlebihan
YouTube,Tengok kt mne
YouTube,masih ada d bioskop. aku smalem br nntn
YouTube,"Jegel (?) juga langsung bilang ""dasar orang Jawa"". Aku yg Jawa ikut ketawa kok 😂. Please, make more racist jokes! (In a good way)"
YouTube,agak laen part 2 yokk
YouTube,Aq sdh nonton 🤣🤣🤣
YouTube,Bila di Malaysia ni keluar 😭
YouTube,"sudah laama tidak menonton film komedi se ngakak ini 😂 , ditunggu part 2 ato sejenisnya"
YouTube,Gw dah nonton seruu banget ada adegan agak agak horor trus komedinya ngakak abis! Pokoknya rekomendid bgt!!
YouTube,"Ada Arie kriting,ga jadi deh liat"
YouTube,wehhh udah nonton bagus kali film nyaa g cuma comedy aja smua nya dapat I LOVE FILM ini!!!!!!!!:face-blue-smiling::face-blue-smiling::face-blue-smiling::face-blue-smiling:🤗🤗🤭🤭
YouTube,baru trailer aja gw udh ktawa 😆😆😆
YouTube,"Emang agak laen nih film, kocak bangetttt"
YouTube,"sumpah, sampe 3 kali nonton, lucu abis, keren parah ni film 🤣"
YouTube,Sumpah lucu banget. Ngakak Sampe kena vertigo njirr
YouTube,"Masih bertahan di bioskop Indonesia sampai saat ini 😂
Gw baru nonton semalam karena penasaran 😅
Beruntung gw nonton nya. Kagak rugi 🤣"
YouTube,Kalo bisa ini film ini berkelanjutan. Grup lawakny berempat ini.. utk penerus film dono. Di tungggu film berikutny
YouTube,10 juta penonton
YouTube,Dari awal smpe habis tertwa terpingkal2
YouTube,10/10!!!!!
YouTube,"Buat season 2 nya dong min, lucu parah😂"
YouTube,"Barusan balik dari bioskop. Tolooong bgt ini mah bisa kali 10 jt penonton bisaa yok bisaa. Makasih banyak buat semua yg terlibat di film keren ini. Kalian bikin ""me time"" mamak anak 2 ini jadi bener2 bahagiaa 🤣🤣🤣❤️"
YouTube,Mas-mas Jamet : Cok! Setan e mBatak Kabeh  :D :D
YouTube,Udah nonton kocak abis😂😂
YouTube,7 march di tgv
YouTube,Eh? Rilis di Malaysia juga?
YouTube, @GalluZ  iya. Setiap minggu pasti ada 1 atau 2 movie indo yg di selit.
YouTube,​ @GalluZ  yoi Malay dan Brunei
YouTube,Start harini. Semua movie baru selalunya keluar hari Khamis sampai 1 2 minggu
YouTube,Tentang apa sih filmnya? Soalnya aku nga suka horor
YouTube, @sitiarofah1380  horor komedi kak. Ada 4 orang yg kelola rumah hantu gt. Bukan yg serem gimana kok. Lebih prefer ke kocaknya 😁
YouTube,gw udah nonton nih film dan sangat rekomendasi buat kalian yg mau healing sangat seru puoll nonton bareng temen dijamin emng beneran agak laen 😋🙌
YouTube,Waw❤
YouTube,Enak bet cok
YouTube,Mamat mvp
YouTube,that’s “angin duduk” gets me😭😭😭😭😭😭😭😭😭😭😭😭
YouTube,"Coba nonton film thn 70/80 an.....""lukisan berlumur darah"", ""bayi ajaib"", ""sumpah pocong"", ""wanita buruk rupa"" masih banyak yang lainnya.
Kalo pribadi,, film layar lebar sekarang2 in jauh kualitasnya dibanding film 70/80 an."
YouTube,ngakak kenceng bgt ntn film ini
YouTube,10 jt penonton kayak.nya bisa deh !!!
YouTube,😂
YouTube,Scen yg oki rengga  marahin pelakor.. tiba2 aku ngakak  sejadi2 ny.. 😂knpa iyaa..
YouTube,Basecamp pd komedian ini mah.. 👍👍👍
YouTube,Lawakannya gk dibayangkan seger banget... seremnya jg dapet... kalau seremnya dipanjangin waduh... ngeri tuh..😂
YouTube,Kok trailer nya gk lucu sih.. mending my stupid boss.
YouTube,Mirip film hantu thailand PeeMak
YouTube,Cocok banget ini lagu buat mas Samsul 😂😂😂
YouTube,Udah nonton seru banget
YouTube,"udah nonton, vibe nya kayak warkop dki, keren, mantap!"
YouTube,"Sama suami sama2 suka nonton film tapi suami suka yg komedi, aku suka yg horor, 
Lumayan bisa menyatukan 2 selera kita, filmnya bgs"
YouTube,"Premisnya aja udah lucu, rumah hantu gak laku karena gak seram, pas mereka buat seram ternyata malah buat orang kena serangan jantung. Agak laen memang."
YouTube,Parah si ini saya sampe nangis ketawa ngeri ngeri sedap sukses untuk aga laen😊
YouTube,7 JT orang yg nonton rugi dong gak lucu🥴
YouTube,Coba ditonton dulu deh
YouTube,"Tonton dulu deh, tdnya saya juga gak expect tinggi, cuma mau rame2 aja nongkrong nonton bareng temen2. Tp pas nonton dr awal sampe akhir gak brenti2 ketawa...plg2 sampe sakit kepala, kebanyakan ketawa kayaknya😂 gak rugi deh, keren!"
YouTube,Apanya yang mirip??
YouTube,Ernest emang paling bener bikin film
YouTube,Fargo versi Indo.
YouTube,Mukidis
YouTube,"Baru mw otw bioskop nonton kedua kali... Mggu kmrn sm anak2, hari ini ultah anak jd ajak tmn2 dia... Mantap... Ga bosen...🎉🎉🎉"
YouTube,Kapan la liris
YouTube,Aku udah nton..sumpah lucuuuu bnget...ad jg sdihnya...pokoknya keren deh...aku suka filmnya
YouTube,Jamaah Al nopiah Hadir ❤
YouTube,"Lucu ini suer gue, bini + penonton lainnya ngakak mulu 😂 pengen nonton lg"
YouTube,Sangat sederhana tapi mengunggah gelagak tawa. Pemeran pak tohar wahyudi sangat cocok sih.
YouTube,Bener 2 lucuuuu .ngak nonton rugi...bener keren....ceritanya ringan dikemas dengan apik bgt😂😂😂
YouTube,Terimakasih agak Laen tadi gw nonton sumpah ngakak banget rugi coy gak nonton 😂🤣
YouTube,Cok setane batak cok 🤣🤣🤣 ngakak
YouTube,penonton tembus 7jt kerennn bang
YouTube,"G sabar nunggu season ke 2 ny agak Laen....
Rencana pada mau buka rumah makan 😂"
YouTube,"Siapkan mental... 
Lengserkan desa penari dari tahta film terlaris Indonesia. 

RAMAIKAN"
YouTube,Film Komedi Indonesia terbaik yang pernah saya tonton🙏
YouTube,"""Angin apa yang bisa buka kursi lipat"" ""Angin duduk"" 😂😂😂😂"
YouTube,Agak laen 2 wajib ada tauuuu
YouTube,Gak ada uang untuk 8njil ke lusr negeri
YouTube,Cape rahangku ngakak nnton ini😂😂😂
YouTube,Betul alurnya komplit
YouTube,Bila masuk malaysia..😂😂
YouTube,Luculah klo pocong logatnya batak😅
YouTube,Scan Jegel di tinggalin pas pd ketakutan trz rigen bilang Babi.. Distu smp sakit perut gw ketawa
YouTube,lucu banget bukan rumah hantu tapi rumah orang miskin Hahaha 😂
YouTube,Yg belum nonton harus nonton !!!! Baguss banget
YouTube,FILM TERBAIK INI SIH NONTON SAMPAI KETAWA LEPAS!🎉
YouTube,UDAH NONTON NIHH SERU BANGETTT APALAGI PAS DI ENDNY SI COWO KAYAK DRAMATIS BANGETT )) PADAHAO CALONNYA ENGGA NIKAHNWKWKKW LUCU BANGET BANGG TAMBAHIN SEASON 2 NYAA YAA DEEH
YouTube,"Guysss wajib nonton yaa, asli pecah bgt😭"
YouTube,"baru semalem nonton, niat nonton di velvet  jam 22.00 biar bisa sambil rebahan santay, eh yang ada malah duduk ngakak nontonnya, hhaha"
YouTube,Asli Film komedy paling lucu yg pernah aku tonton😁 selama 2 jam ketawa trus plus ada sedih2 ny dikit terharu inget mamaku😢
YouTube,Agak lain 2 yok
YouTube,Mau tanya gimana cara nonton di hp yg berbayar ya
YouTube,Angi duduk ya kan..
YouTube,"Udah nonton, dan ngakak poll😂"
YouTube,Pejabat korup wajib nih maen ke rumah hantu ini ☠ 👻
YouTube,"Koyoke nopek salah ucapppp…. Kudune setane mbataaaaakkkkkkk, kurang huruf m"
YouTube,Sudah 6 juta aja…whew!
YouTube,"Kasian adek Oki, di suruh beli kerupuk, 2 Tahun lebih baru balik 😂😂😂"
YouTube,"kalo istriku bukan pengecut,pasti da ku tonton film box office ini.sukses buat film agak laen dan yg ga takut nonton film horor komedi dan blm nonton,harus nonton."
YouTube,Udah 4jt yg nonton… keren dan original 👏🏼👏🏼👏🏼👏🏼
YouTube,Tgl 29 feb kak
YouTube,nonton dimana?
YouTube,Sumpah bagian pas pengunjungnya lari terus hantunya ikutan lari gegara di teror arwahnya pak Basuki pecah bgt sih asli 😂😂
YouTube,Seru banget filem nyahh kocak lagi sangat menghibur
YouTube,Keren filmnya sampe ngakak gw 😂  oki rengga & jeggel mpv nya
YouTube,Keinget Secret Zoo yak tapi mantap keren
YouTube,"Aku baru nonton hari minggu 18 feb..
Memang seri banget ini film , ketawa ngakaak setiap tayangan nya 😂😂😂"
YouTube,Ini di lokasi syuting nya apa ndak capek ketawa ya 😂
YouTube,asli gokil ne film ga berhenti ngakak nontonya 😁
YouTube,"Tadi malem liat lucu juga 😂😂, dan yang paling lucu itu sih jegel sama sih Oky🤣"
YouTube,Congrats sudah tembus 6 juta penonton 👏
YouTube,Setan e batak too!!! 😂😂
YouTube,Sakit perut gara2 ketawa Mulu liat movie ini 😂😂
YouTube,"Seru film nya, wajib nnton semua nya..
Ngakak parah summppaaahhh👍👍"
YouTube,Seruuuuuuuuu❤❤❤😂😂
YouTube,Udah nonton dan lucu bgt😂😂
YouTube,Gas 10jt🔥
YouTube,"Udah nonton kemarin filmnya. Untung gak nonton trailernya dulu jadi kemarin benar benar surpise. 

Selain komedi, film ini juga sedih. Aku nangis di part bagian yang sedih itu."
YouTube,"Sedikit masukan mungkin untuk film selanjutnya adegan/plot kunci jangan dimasukan trailer biar lebih banyak kejutannya. Saya sendiri untungnya gak nonton trailernya, dan saya 100% puas sama filmnya, ekspektasi saya beneran dipatahin. Mungkin kalo saya nonton trailernya kepuasan saya bakal turun. Overall thanks, filmnya bagus banget."
YouTube,Coba libat kan zacky zimah makin seru bgt pasty ini film
YouTube,Komika semua pulak semua yg main nya yaudah bukan pecah lagi lah meledak lah sudah ahahaha
YouTube,😂😂😂
YouTube,Haha saya juga ngakak sampe sakit perut pas bagian itu
YouTube,"Sumpah ini kocak bgt, apalagi yg pocong gantung 😂 disaat pada lari dia kaga bisa lari wkwk"
YouTube,"Kalo gak ada trailernya ya org gak bisa jadiin rekomendasi donk. 
Lagian trailer ini wadah ngiklanin juga😊"
YouTube," @tangpotong9432  harus tetep ada trailernya sih,"
YouTube,"Beh, bener itu mahhh"
YouTube,"Saya lebih suka para stand-up comedian buat karya karya yg mengibur kayak gini.. Dari pada maksain diri ikut politik, yg jelas2bukan kapasitasnya 👍👍👍👍👍👍👍👍👍👍👍"
YouTube,"Dh nonton minggu kmrn. Sangat diluar bayangan . Komedi dapet. Acting dapet.  Cerita dapet. Gua dan penonton lain ngakak, serius, dan sedih berkali2 (cewe gua malah smp nangis).Suksessss. Ditunggu film keduanya"
YouTube,Lawannya film ini ..gampang cuan
YouTube,Kalian terbaik
YouTube,Setelah nonton jujur film ini memang komedinya top banget 😂 gak nyesel
YouTube,Pasti akan ada Agak Laen 2! Ditunggu koh Ernest 😂🔥
YouTube,Ngakak parah nonton ini good job
YouTube,Baggguuuus bgt filmnya kocak habiiisss ..
YouTube,"Udh nonton, sumpah lucu banget sihh🤣🤣 satu bioskop ngakak polll wkwkwk"
YouTube,"baru habis nonton,,sumpah ngakak parah,lucunya dpt,sedih nya dpt"
YouTube,"ga brenti ketawa saya nontonnya mantapppp
hahahahaha setane batakkkkkkkk wkwkkwkw"
YouTube,5 juta
YouTube,Udah nonton seruuu banget❤❤🎉
YouTube,"Lucuuuu , rekomendeddd ges"
YouTube,AQ sudah nonton 2X GK rugi Sumpah Fim ny nilai ny 1000 👍👍👍👍👍👍👍👍👍👍👍
YouTube,Angin dudok 😂
YouTube,Anak2 boleh nonton ga si
YouTube,Sweruuuuu polll.kalen wajibb nonton bahhh
YouTube,Gokill full ngakakk
YouTube,6 juta bisa nih😊
YouTube,Ku nntn malah tidur 😅
YouTube,Udh nonton bloppers nya lucu bgt co trs yang di akhir dikira udh nikah ternyata belum 😂
YouTube,saran bang dibikin series aja sama kaya film luar hangover kalo bisa kaya warkop juga bisa tapi versi abang2 sendiri
YouTube,Pas awal2 ngmg ke doi ah ga lucu filmnya. Eh pas aci sama ardit masuk meledak tawa ku🤣😂 eh smpe skrg masih kesana kesini nontonin konten mereka😂
YouTube,Filmnya Kereeeen lucu dan ngakak bgt 😅😁
YouTube,Dari semua film komedi Indo baru ini yg bikin ketawa dr awal ampe selesai parah ini kocak abis 😂😂
YouTube,Njirrr kelar nonton perutku capeee ketawa teeusssss🤣🤣🤣🤣🤣
YouTube,Fix harus nonton 😂❤
YouTube,Awal release langsung nonton 😅 alhasil selama film mulai sampai selesainya perut di buat mules 🤣🤣🤣
YouTube,Dari awal ketawa muluuu!!!😭😭 100/10 🔥🔥🔥🔥🔥🔥🔥🔥
YouTube,Udh nonton sepanjang film ini di bikin sakit perut karena ketawa mulu
YouTube,Ini film seru banget udah nonton 😂😂
YouTube,ADA LUCU NYA ADA SEDIH NYA ADA SEDIKITT AJA SERAM NYA 😮😮 MANTAPP
YouTube,Film terkocak terngakak dan terlucu dan terbaik pasti nya ❤❤❤❤
YouTube,Udah nonton tp masih pingin nnton lg
YouTube,nopek : setane batak cok
YouTube,Ini rating y apa y?
YouTube,Terbaikkk gk berhenti ngakak😂
YouTube,"Selamat 4,2 juta penonton 🎉🎉🎉"
YouTube,Asli kocak kali woe... Yang blm nonton buruan nonton... Ada sampai ngakak ngakak trus... Wkwkwkwk
YouTube,JANGAN SPOILER PAK
YouTube,Udah nonton.... keren... lucu abis....😅😅
YouTube,wkkwkwkw lawak betul bah...
YouTube,"Kenal ama bang ernest sejak maen sm adipati dolken, trus ngikutin semua movienya, soalnya talentanya ok bgt, n gk nyangka semakin kesini semakin keren 🎉"
YouTube,"Lucuuu bgt ,, aku nonton sampe sakt perut ga brenti ketawa..."
YouTube,"harus nonton, di jamin bakal ngakak dari awal sampe akhir 9/10"
YouTube,NGAKAK PARAHHHHHHHH
YouTube,Tembus 4jt hari ini. Wow!
YouTube,"Barusan nonton tadi, sumpilll ngakak 😂🤣🤣🤣"
YouTube,Ditunggu film selanjutnya
YouTube,kocak maksimal..
YouTube,"Udahh nonton, emng se seru ituu coyy dann emng bener' lucu dari awal film sampai endingnya hahaha the best emng nih film, emng agak laen"
YouTube,"Cocok d tonton anak2 klo buat sy pribadi kurng cocok kurng natural. 

Notes: Selera org beda2."
YouTube,Ngakak anjir 😂
YouTube,Lucu banget 😂😂😂😂😂
YouTube,2x Nonton Dong...😂😂😂
YouTube,Wanjay .....si nopek cm suruh nyebur liang doang.. jawajawa 😅😅😅😅😅
YouTube,Udah nonton dan lucu banget 😂😂😂
YouTube,itu ga mungkin angin. mana mungkin angin bisa buka kursi lipat😅😅😅
YouTube,Asli lucuuuuuuuu...
YouTube,"Udah nonton. Pecah si ini film, edan 😂😂😂"
YouTube,"Ini serem ga yaa, mau nonton tp gada temennya soalnya😂"
YouTube,Aku udah nonton.. ngakak parah parahh gak nyesel sumpah demi apa pun😂😂
YouTube,Sopan kali kau panggil hantu😅😅
YouTube,Kapan muncul di digital ya? Penasaran banget mau nonton tapi ga di indo
YouTube,Agak laen
YouTube,Kok bisa sih ada yg ketawa nonton film yg mengandung unsur shaming orang difabel (gagu)
YouTube,"Sumpah demi apapun, lucu ada, cinta cintaan ada, bikin nangis pun ada. 11/12 kaya PEE MAK. Di film agak Laen hanya film ini yg bikin gua nangis pas adegan si Oky ngomong klo dia blm bisa bahagiain mamak di umur yg makin bertambah trus. Asli relate bnget sama kehidupan gua yg di umur 29 ini blm bisa bahagiain ortu gua"
YouTube,"Rameeeee baguuuuussss, tapi cast nya itu itu muluuu kayak kurang variatif, lumayan bosen sama format filmnya yang slalu ada boris indah arie aci resti indra 😂 ganti2 dong cast nyaaa huhu"
YouTube,Ini lucu nngaet kami sudah nonton hari Minggu kmren. Satu studio ngakakk 😂😂
YouTube,UDAH LIAT DANN PECAH BGT LUCU PARAHH
YouTube,Aku nonton di bioskop waktu itu
YouTube,baru sadar baju mereka walaupun beda tapi warna nya sama terus
YouTube,lucuuu asli gokil😂😂😂😂
YouTube,Gila seru banget nonton ini !!!🎉
YouTube,Film ini aman untuk anak² gak ya semoga ada yg jawab
YouTube,Another film konyol from indonesia 😂
YouTube,"wkwwk paten kali bah filmnya,, bagus lucu ngakak 😂🤣"
YouTube,"Aku dah nonton, seru kali memang ini film 😂"
YouTube,"Komika semua, gak mungkin ini genre horor"
YouTube,"Sudah nonton ... Asli ketawa sampai nangis... Siap"" sakit perut 😂"
YouTube,Udah nonton...seru sih 😂
YouTube,"Sabar, biasanya di streaming pasti akan tayang kok kalau di bioskop nya sudah selesai"
YouTube, @ayikardani3368  kalo film indo biasa streaming di app mana ya? Penasaran banget soalnya banyak yg review bagus di x
YouTube,"Biasa setelah selesai bioskop
Versi digital Ku harap netflix"
YouTube,"Ternyata tayang di sini kmrn akhirnya nonton, 9/10 udah lama ga ketawa kayak kemarin"
YouTube,emang lucu kok ... resiko cacat
YouTube," @bakkedbakkon  jadi orang cacat itu salah mrk jd cacat lalu dibuat bahan olok2, gitu?"
YouTube, @bakkedbakkon   jadi orang cacat itu salah mrk kalo mrk cacat dan jd bahan olok2 gitu?
YouTube,Difabel nya komika kan? Memang dia lagi ngelucu. Kalo dia gak ngelucu gak ada yang ketawa² lah.
YouTube, @Tungguakudi-7  Film komedi bisa kok tanpa ada unsur diskriminasi thd difabel seperti itu. Kalo anda hrs nunggu konten shaming difabel seperti itu untuk bisa ketawa maka moral anda hrs dipertanyakan
YouTube,ya mereka ber 4 kan ibarat tokoh utama yg selalu muncul
YouTube,Aman tenang aja
YouTube,Gue nnton ini ampe 2x dong msh seruuuu kocak bgt
YouTube,Kak mohon jawab anak kls6 SD sudah bisa ngak nonton film ini?
YouTube,Keren banget horor nya dapet drama sedih nya dapet dan yang jelas komedi nya dapet ❤🎉
YouTube,"akhirnya trailer yang gak nampilin jalan cerita dari awal sampe akhir film :"")"
YouTube,Ibumu pasti bangga
YouTube,"Parahhh lucu banget wkwk, Cuss bioskop yang belum nonton"
YouTube,Tayang sampai kapan min?
YouTube,yok bisa tembus 4 juta
YouTube,"Keren filmnya
TOP BGT
Layak dibikin sequel
Cuma jgn sampe sequelnya melempem yah kayak film cek toko sebelah"
YouTube,Sampe kaku rahang nyong . Ketawa terus sampe BTS nya ngakak
YouTube,"Keren bangettttt 🔥 🔥 
asli keren, wajib nonton !!

gila banget ini film dari awal sampe akhir ketawa terus 😂😂😂 pokonya gw mau nonton lagi .. wkwkwkwk"
YouTube,Udah nonton lucu bangeett 10/10
YouTube,"pecah banget sumpah, komika sumatra ini ya 🤣🤣"
YouTube,Komika memang hebat semua terutama bang Boris dkk
YouTube,"Film nya asli  keren bgt ,bikin ketawa ampek capek 😅😅"
YouTube,"Gak relate, senyum jg nggak"
YouTube,"Aku dah nonton bang
Bangga kali aku nengok hasil karya sesama anak SUMUT 🙂🙂🙂"
YouTube,Tanyang in full film nya dong di ytb!!!!
YouTube,"Horornya 25%
Lawaknya 90%
Sedihnya 20%
Embel2nya 10%

Debessssssss lahh isinya dominan komedi😂😂😂"
YouTube,Pengen nonton. Tapi kok Gak ada dibioskop Amerika sih😢
YouTube,"Ada jokes dewasa tapi bukan yang asusila, jadi aman aja sih, asal bisa jelasin ke anaknya"
YouTube,ok...
YouTube,"Nonton dulu, klo dah nonton lu kaya gt, lu sakit bwrati"
YouTube,"Sbar nunngu masuk netflix, vidio, viu dll kak"
YouTube,"​​​ @raumraumancerita261 tapi beda lho luar netflix indo ku yakin gak masuk film ini luar indo
Setiap netflix negara beda"" Isi film"
YouTube,"kek bangsat ni film, LUCU BGT ,, parahhhh, wkwkwkkw"
YouTube,Ini the next..Dono Kasino Indro saya Haqul yakin..Lucu sekali 😂😂😂😂
YouTube,"Daripada pusing ngeributin capres ayo langsung aja nonton Film Agak Laen .. Lucu Sangat, Ngeri Sangat, Terharu Sangat, Heboh Sangat … Puji Tuhan Alhamdullilah Sangat ...Sudah Tembus 3 juta orang tertawa jantungan sangat …"
YouTube,Aq ud ntn lucu banget 😅😅😅
YouTube,"Hahahah ane barusan Nonton.. 
Ngakak full perut ane sakit parah 🤣🤣🤣🤣🤣 Sukses terus agak lain 👏👏👏"
YouTube,barusan gw sama keluarga gw nonton film ini betul betul pecah sih ketawa kita wkwk tapi ada bagian sedihnya juga menurut gw film kali ini gw kasih bintang ⭐⭐⭐⭐⭐ film ini bener bener kocak cuy apalagi pemainnya lawak semua wkwk segitu aja dr gw semangat untuk terus berkarya okey see you
YouTube,"Emang bener nonton film gk usah nonton trailernya dulu 😂
Pas nonton filmnya kocak poll, iseng nonton trailernya serasa trailer komedi mainstream hahaha ✌️"
YouTube,Mantap bng filmnya apalagi pas ngencingin mayatnya
YouTube,Lucu kaliiiiii….
YouTube,Dijamin ngakak. Rugi g nonton
YouTube,"Akhirnya nonton juga, gara2 nunggu di mall kelamaan"
YouTube,Ini lucu banget woii 🤣😭kalian wajib nonton 👏🏻👏🏻👏🏻
YouTube,"Baru nonton tadi malam,kekeh x nonton-nya,ga rugi beli tiketnya,pingin nonton lagi krna lucu kali 🤣🤣🤣"
YouTube,Udah lama banget loh indonesia gk buat film horor bertema komedi
YouTube,"Bru td mlm nnton, pengwn nnton lagi"
YouTube,Keren nih filmnya😂😂
YouTube,Gak berenti ngakak dr awal sampe akhir.. Gila si ni film lucunya natural gitu.. 🤣🤣
YouTube,"Sebenarnya lucu, tapi karena Adi Ari kriting jdi males nonton.. sok-sokan kritik pak Prabowo.."
YouTube,Klu ad season 2 nya mantap juga ya😂😂😂
YouTube,"Buat Produser, Sutradara,Star n crew nya AGAK LAEN....
I WANT TO SAY tengkiyu pakai banget....udah lama gue gak NGAKAK....anak gue sampe nangis di scene kehilangan mamak...Kalian KEREN. Makasih yaaa...🎉🎉🎉"
YouTube,Watdehel
YouTube,"Gpp lo gausah nonton, lagian filmnya udah tembus 5 juta penonton kok dan akan terus bertambah❤"
YouTube,Keren banget
YouTube,"Gak rugi beli tiket untuk film selucu ini,, hanya saja endingnya terlalu biasa, mudah ditebak,, juga penyelidikannya kurang dramatis.. selebihnya seru banget. Menghibur"
YouTube,Pasti tahun depan ada Agak lain part 2
YouTube,😂❤❤❤ 4 Bodat tercinta..
YouTube,Kerren sih 😂😂😂😂
YouTube,"Gak nyesel nontonnya!!  Dari awal sampe akhir ngakak trus, alur cerita juga bagus good job abang abanggg"
YouTube,Anak medan wajib nonton yang satu ini
YouTube,Boris ganteng bett😭😭
YouTube,"gua dari indonesia timur. nonton film komedinya ernest prakarsa gak pernah ketawa. giliran tahu ada jokes gerombolan batak ini entah kenapa cocok bgt sama selera humor gua. sense of humornya lebih dapat. tingkatkan abang2, maju terus!!!"
YouTube,😂😂lucu..sy ksh nilai 10
YouTube,Kacooo paraahhh anjritt ngakakk😅😅😅😅
YouTube,angin duduk wkwkwk
YouTube,NGAKAK PUOOLLLL🤣🤣
YouTube,The best ! Sudah nonton. Dan saya jarang nonton film produksi Indonesia
YouTube,"aku baru tadi siang nonton, film nya seru banget"
YouTube,udah rilis
YouTube,Keren 👍
YouTube,lucu bgtttt
YouTube,sampe kapan filmnya?
YouTube,Judul nya aja udah Lucu Agak Laen wkwkwkk😂
YouTube,JANGAN SPOILER PAK
YouTube,Mantaps  9/10
YouTube,Keren nih film
YouTube,"Gilaaa keren banget film nyaa. Lucu nya dapet banget sampe ketawa ngakak, real film komedi. Trus drama dan premis nya tetep dapet. Wajib ditonton"
YouTube,"Edan 
Wkkkkkkk
Tawa nangis.. Nangis sampe ketawa.."
YouTube,Ada suami istri yg main 😊
YouTube,"Baru sempet nonton hari ini , dr awal sampe akhir geeerr"
YouTube,Kemaren aku baru nonton ... Sumpah kocak banget seruuuuuuuuu .... Gak kan nyesel nonton ini
YouTube,"Sumpah gak munafik b aja joks"" nya gak ada lucu"" nya padahal gwa orang gampang ketawa"
YouTube,"""Apanya jawa jawa ini"" wkwwkwwkwk bangke"
YouTube,"Kemaren malem nonton,lucu bett😂"
YouTube,ini pelem bener2 bikin ngakak...
YouTube,Ga berhenti ngakak terus😂
YouTube,Entah apa lucu nya pilem ini..agak laen memang
YouTube,wkwkw lucuu 1 studio auto ketawa
YouTube,Diluar ekspektasi oki rengga menyala
YouTube,Gasabar nonton nanti jam 9😂
YouTube,9.9
YouTube,Syumpah kalian wajib nonton ini ngakak sampe mau pipis 🤣🤣🤣
YouTube,"KEMAREN BARU NONTON, GILA NAGIH BGT 😭😭😭 PENGEN YG KE 2 BURU2"
YouTube,Mau liat lagi anak saya minta lagi hahahahah lucuuu kaliii
YouTube,Lucu parah nich film
YouTube,Udah nonton worth bangett
YouTube,Film ny oke..aq suka
YouTube,Parah ini film lavvak asli ngakak gua rekomended banget 😅😅😂
YouTube,Sopan kali kau manggil hantu 😅😅
YouTube,Layak ditunggu 👍
YouTube,PECAAHHH
YouTube,"Gokil filmnya...!! Lucu banget, jamin setiap 5 menit ngakak terus... Jadi ingat warkop DKI
Karakter masing masing pemain kuat banget...."
YouTube,Udh nnton film agak laen td di bioskop... asli ngakak satu bioskop..alur film nya bagus.. ada pelajaran.. ada komedi.. ada horor.. ada sedih.. emng agak laen ni film😂
YouTube,barusan nonton ngakak sampai nangis 😂😂😂😂
YouTube,Film komedi terbaik 2024
YouTube,Wahhh pengen nnton 😢
YouTube,Udah nonton 5/10
YouTube,mamat gunshop......
YouTube,"Baru ntn ini film, dan SUMPAHH KOCAAK 🤣🤣🤣"
YouTube,Mas jegel klo dandan gtu jd agak mirip sm alm.kasino😢...q jd inget beliau...
YouTube,"bukan rumah hantu,tapi rumah orang miskin🤣🤣🤣🤣"
YouTube,Masterpiece of comedy
YouTube,Nagih banget liat film nya bang ditunggu agak lain 2 😅
YouTube,Film terkereeeeeeeeeennnnnnnn :face-red-heart-shape:
YouTube,Komedi..😮😮. Gini dong horor tu harus lucu. Santai lucu. Suka..❤❤.
YouTube,Gilak! Baru nonton trailernya aja udah berasa seru banget filmnya. Wajib go international nih film!
YouTube,Akhirnya oki di ajak maen film juga🤣
YouTube,Serrru😂
YouTube,Semalaam baru nonton asli kocak bgt...untung di penjaranya gak lama.. sedihnya dpt horornya dpt apalagi lucunya dpt
YouTube,"Udah nonton filmnya Sabtu kemaren. Lucu parah, keren sih ini film. Akhirnya ada film komedi yang bener2 bisa mengocok perut. Semoga ada film2 lainnya dari kuartet Agak Laen ini.

Sangat direkomendasikan untuk nonton."
YouTube,Wkwkk lucu bgt lagi
YouTube,Baruuuuu aja nonton....kupikir aku aja yg opung² disitu....rpnya ada jg opung² laen....paten x bah....sakit perut opung kelen bikin...ada pulak to...tng rejeki....hahaha
YouTube,"Mau nonton, tapi tempatku gada bioskop 😭😭😭😭😭"
YouTube,"mau nonton, tapi disini ngga ada bioskop"
YouTube,yang salah dari filem ini adalah........  para perempuannya tidak pake Hijab seperti negara timur tengah pada umumnya.
YouTube,Yaaa ampyuunn dah 1 juta penonton👏👏
YouTube,Penasaran 😂
YouTube,Scene Aci Resti & Ardit dari awal masuk rumah hantu smpai keluar...ger ger ger rapet semua 😂😂😂
YouTube,Lucu kok lucu
YouTube,lucu banget
YouTube,Mudah²an bakal jadi group besar seperti legenda warkop DKI. Dan terus mengocok perut² org².
YouTube,Satttt... Liat trailernya aja muka dah kencang 😂
YouTube,"Lucu banget film ini, yg ga nonton sih rugi banget. 9 dari 10. Top"
YouTube,"Ratingnya 9,9 di tix gilaakkk 😂😂"
YouTube,boong
YouTube,"Sumpaahh ini film seruu bgt,kocak,sedih,tegang campur aduk semuaa..kerenn abizzz😂😂❤❤❤"
YouTube,"sedeppp banget lah pokoknya film ini.. agak laeen betulann !!! 
Terimakasih ya !!"
YouTube,"entah udah berapa taun gak lihat film se ngakak ini, terimakasih buat keseruannya 😂😂"
YouTube,"Asli ini film lucu banget, ketawa gak berhenti henti, the best film Commedy Indonesia yang terlucu 😂😂,yang belom nonton buruan nonton, asli keren dan super kocak 😅"
YouTube,"Setelah nonton, bener2 keren nih film 🎉"
YouTube,Gus nopek
YouTube,"Sudah lihat, hasilnya minta ampun perut sampai sakit karena ketawa dan rahang sampai capek wkwk"
YouTube,Ga ketawa sama sekali
YouTube,"Kyknya klo kualitas film kita gini terus, bisa sih ngalahin film komedi thailand ini mah"
YouTube,psti tembussss
YouTube,"Udah nonton.. kocakk bgt, dapet semua nya, lucu ada serem2nya ada melow nya ada.. top dah 👍👍"
YouTube,Gak sabar Agak Laen 2
YouTube,kelas kali kutengok ini film🔥🔥🔥🔥
YouTube,Gw dah nonton 2 jam dbkin ngakak... 😂😂😂  gw ksih bintang 10 ini mah
YouTube,"Andai aja ga ada si botak, perfect ni film"
YouTube,MashaAllah.... Kerenz betttt.. Ngakak sampe akhir👏👏
YouTube,Semalem baru nonton gila sakit perut ketawa mulu bener2 kocak abis
YouTube,Vibes warkop
YouTube,Fix udah nonton td kocak bgt parah keren bgt ni komika 😂
YouTube,setane batak cok😭
YouTube,"Kalo kau udah nonton, justru Akting bang Oki yg bikin film ini makin perfect"
YouTube,"emg kocak ni komen, oki yang powerfull disini"
YouTube,Ngeri2 lucu.. agak laen😂😅
YouTube,"Udah nonton, lucu abis. Wajib nonton"
YouTube,Baguuuuuuuss bangettttt film nya.. assssliiiii
YouTube,"Mantap, ""Agak Lain"" memang filmnya di Jayapura Papua😂😂😂😂"
YouTube,kok belum full pnjang di yutub padahl ud lewat tgl tayangnya
YouTube,"Baru pulang nonton Agak Laen...seru,kocak,sepanjang nonton ketawa trus...keren Batak👍👍Horas"
YouTube,Nice movie
YouTube,"Biasanya film2 di bioskop itu tayangnya sampe brp minggu atau brp bulan  ya,,contohnya film ini"
YouTube,"Boris: Paaaak... sibuk gak...!!!
Jegel: Sopan kali kau manggil hantu...!!!
Aku: wkwkwkwk"
YouTube,Notice pada post credit scene : itu cewe cantik diguna2 sama cowo nya
YouTube,Setanne batak😂
YouTube,Bjir ada nopek.. auto nonton
YouTube,smg gk garing... 🤔
YouTube,weekend at bernie's selalu ke sana otak ini larinya referensi
YouTube,Warga indonesia harus nonton dijamin ketawa sampe bengekkkk😂😂😂
YouTube,Aku dah nonton.....capek ketawa terus
YouTube,"Oky semakin kesini makin lucu,🤣🤣🤣semangat semuanya"
YouTube,Kurang Lolox doang niih gengan nya..😂😂 tp Keren sii..bakalan Lucu bgt
YouTube,Mao NONTONNN 😭
YouTube,Ud nonton hampir 2 jam puas kali pas nnton harga 20k 😅
YouTube,Tolong di jwab ya
YouTube,Tergantung bioskopnya jika dirasa sudah menurun dia akan ganti dengan film lain dan sebaliknya
YouTube,"Kacauu filmnya seru abis, rating pribadi 9/10. Kelar nonton bioskop standing applause"
YouTube,Ceritanya unik nih. Semoga sukses! Ada versi digital / streamingnya ga ya?
YouTube,Udah nonton dan lucuuu banget! Ga nyesel dah nontonnya 👍
YouTube,Seruuuuu🎉🎉🎉👍🏻👍🏻👍🏻👍🏻
YouTube,Lucu banget 😂😂😂
YouTube,Udh nonton... wah dari awal sampe akhir full ketawa ngakak 1 studio bioskop. Ditutup dgn tepuk tangan meriah...😊
YouTube,Tayang nya Sampek kapan BG?
YouTube,Sehari hampir 200 rb pennonton
YouTube,Keren sumpah
YouTube,"Barusan banget nonton (2 februari 2024)

Asli pecah banget, bagus banget gaes ketawa mulu guaaa🤣9/10 dahhh, worth it buat ditonton. Gassken ke bioskop2 terdekat di daerah kalian😂"
YouTube,Gw mau nonton lagi hari Senin.. ngakak nya hari ini terganggu ama bocil 😅
YouTube,GOKILLL ABISS ANGIN DUDUK
YouTube,"Trailernya udah kocak, anjjj😂"
YouTube,KEREEEEEEENNNNNN
YouTube,"ini film beneran ditulis....nggak di bayangin doang. mantap memang.
kalau kata cinecrib"
YouTube,Gak kuat nahan ketawa selama nonton film walaupun ada adegan nangisnya tetap aja gak bisa ngalahin rasa ketawanya. Keren pokokya
YouTube,kalo ga nyampe 1 juta penonton parah sii
YouTube,Lucunya susah di ungkapkan dengan kata2😅😂😅😂😅😂😅😂awas keselek ketawa kalian sendiri
YouTube,"Aku mau nontonnnnnn , selaltu Norton podcastnya apalagi ternyata ada anti marito nya"
YouTube,"Gini aja dah lucu
Apa lagi Klw ada babe cabita kayak nya lebih pecah lagi ni.."
YouTube,"betul, sama"
YouTube,Sore ini mau nonton 2x 🤣
YouTube,Lu pas di bioskop lagi rame gk bang
YouTube, @JackSparrow-pf4ho yaa kisaran 10-15 orang lah bang kmaren
YouTube,Macam best jeaa movie neh.. lawak seram
YouTube,"udah nonton barusan, asa sedihnya, ada seremnya tapi banyak komedinya si, kalian wajib nonton ❤❤"
YouTube,"Udah nonton gilak wajib nonton sih, puas bangetttt filmnua bagus"
YouTube,Akhirnya dah nonton pas tayang di bioskop ❤❤❤
YouTube,Ngerikk film nya bikin sakit peruttttt🎉🎉🎉🤣
YouTube,"Baguuus banget film ini..bikin 1 Studio dari awal bisa Ketawa, Ketakutan, Ngakak, Nangis sedih, Ketawa lagi dan berakhir dengan tepuk tangan semua penonton..pecaah buat film AGAK LAEN...Wajib nonton..."
YouTube,"Baru aja nonton, buaaaguuuusss, lucuk bangedz!! Musti banget nonton!! 🎉🎉🎉🎉"
YouTube,"Makasih bg!! Keren, heboh, lawak kali karya klen! Hormatt 🙏🏻"
YouTube,lolox kok ga ada
YouTube,sopan kali kau manggil hantu..gtu doang bikin ngakak XD
YouTube,Lucu banget sayangnya aku mau nntn pasutri haje aja😅
YouTube,LUCU BANGETTT 😂
YouTube,"Bisa""nya nama pak luhut klean bawa"""
YouTube,Pecccaaahhh film.nya baaang
YouTube,Pengen banget nnton tapi bioskop jauhhhh 😢
YouTube,Lucu bgt trailernya tp trailer finalnya lbh fokus ke dramanya. Pengen nonton tetep
YouTube,"Angin apa yg bisa buka kursi lipat

Angin duduk ya kan"
YouTube,Cerita tentang apa
YouTube,Cuma ada di cinepolis ya ini 😢
YouTube,Besok tayang nih 🔥🔥
YouTube,keknya akan terjadi banyak ledakan tawa yg akan membuat ledakan jumlah penonton menjadi 3 juta penonton..... amiiiinnnnnn...... 🙏🙏🙏🙏😇😇😇😇
YouTube,Trailer aja dah lucu banget ini. Nunggu tayang di layanan streaming. 🙏
YouTube,"Sudah 3x ak tonton trailer ini, nyari bagian yg nggak lucu tapi nggak ketemu2"
YouTube,Tiket aman ketua 🤣🤣🤣🤣🤣🤣
YouTube,Setane batak to.... 😂😂😂😂
YouTube,Mantap kali 😂
YouTube,masuk netflix bisa petcah ini di negara-negara ASEAN wkwkwkwkkwk
YouTube,nopek : “setane batak cok” 😂😂
YouTube,yakali 2 jt ga tembus ini
YouTube,"Bakal epic nih comika semua yg maen, baru liat trailernya aja dah ngakak 😂👍"
YouTube,yang lebih suka film komedi dr pada film horor 👇🏻
YouTube,Garansi 1 jt penonton
YouTube,harap tembus sampai malaysia..
YouTube,"Abang2, cepat masukin OTT, yang di Aceh g bisa nonton"
YouTube,Bangzattt angin duduk 🤣🤣🤣🤣
YouTube,Full comica ini film pasti sangat lucu dan seru❤
YouTube,Ini pengambilan syuting nya di dkt rumah dipengasinan sawangan 😊😊 .. crew nya semua baik baik semoga filmnya laris dikalangan pecinta film horor komedi.. sukses trus
YouTube,Wajib nonton ini🔥
YouTube,Angin duduk ya kan😂😂
YouTube,"Perpaduan film pee mak & drishyam
Keren"
YouTube,Iyalah yg main sama crew stand up comedy semua😂
YouTube,"Itu crew nya dari team basecamp kami...gafeer,,,key grip,,,dop,, lighting... Alhamdulillah sampai saat ini sudah tembus 7 JT penonton 👏"
YouTube,Pengasinan mana nya ya?
YouTube,Deket setu pengasinan
YouTube,Udh terlaris nomor 2 😢😢😢
YouTube,​ @wahyusiahaan12 apa judul nya
YouTube,Rumah org miskin 😂
YouTube,Setan e Batak toh 😂
YouTube,Pecahhhh sihhhh
YouTube,Besttt banget… nonton dimana yaah
YouTube,mantap .. gas nonton
YouTube,lucuu bgt vibesnya berasa film thailand😭😭
YouTube,Baru nonton trailer aja uda ngakak. Wkakaka
YouTube,Harus nonton😅😅😅😅😅😅😅😅
YouTube,Gak sabar nengok bene akting wkwkwk
YouTube,Cuk setane Batak cukk
YouTube,Seru ini sih aura2nya... berasa bibit2nya Warkop DKI di era gen Z
YouTube,Keknya aku bakalan nonton filmnya lebih dari satu sih ini😂
YouTube,“Setane batak tooo” 😂😂😂😂 makin ga sabar pengen nonton
YouTube,Gw bakalan nonto  ni pelem liat trailernya aja udah bikin ngakak ajaaa wkwkwkwk🤣🤣🤣🥰
YouTube,Dari Podcast jadi film sukses buat Agak Laen
YouTube,ayokk wee kita ramekan tgl 1 februari ❤❤
YouTube,Gak sabar pasti kocak kali❤
YouTube,Ini yg di tunggu tunggu
YouTube,Waaah harus nonton pkoknya
YouTube,Mantaaaap gaaaaas
YouTube,"Baru ini gw nonton trailer sampe ngakak, punchline nya banyak yg ga ketebak"
YouTube,"""setan nya batak cok"" 😭😭"
YouTube,Ada kak Anggi Marito😯
YouTube,AAAAAA GA SABARR MAU NONTONNN!!!!
YouTube,trailernya bikin ngakak sepotong BANAGSAT. harsu nonton ini & durasinya 110 menit
YouTube,Waaaaahhhh ini koplak c 🤣🤣🤣🤣
YouTube,Model film kayak gNi yg gw tggu... Mantep
YouTube,"Sumpah jadi Agenda liburan saya ini mah gak sabar pasti seru banget, nonton trailernya aja uda ngakak saya 😂😂"
YouTube,Dah ga sabar nunggu
YouTube,kapan rilisnya ini min?
YouTube,Agak laen memang hahahha
YouTube,"Baru nonton trailernya aja uda ketawa sampe nangis, wajib nonton ini sih.. 😂😂😂"
YouTube,Wajib nonton 😂
YouTube,"Anjir ""setanne batak cokk"" bakalan pecah ini film"
YouTube,"garansi 2jt penonton broo😂 gile"" inimah 3jt
 tpi bajakan😂"
YouTube,akhir nya ada film yg komedi nya sama kayak warkop
YouTube,Eh ada Anggi marito nya ❤
YouTube,mamat jadi polisi?? agak laeeenn emang!
YouTube,Wajib nonton demi bang jegel gak kalah taruhan wkwkwkwkwkw
YouTube,"kutunggu yaa, lekas maen di bioskop yaa.. awas kalo gak jadiii"
YouTube,Petjah kali ni wakk
YouTube,Di tunggu
YouTube,"""Ini bukan rumah hantu, ini rumah orang miskin"" ngakak banget 😂"
YouTube,Aaahhhh wajib nonton ❤❤❤❤
YouTube,"Lucuk kali bah trailernya, harus kudu nonton 😂😂😂"
YouTube,Out of the box😭
YouTube,Recommended bgt nih film nya harus nntn niih hahahah
YouTube,Angin apa yg bisa buka kursi lipat? Angin duduk dong 😂
YouTube,❤❤❤❤
YouTube,GA SABARR
YouTube,Gak sabarrrrrr
YouTube,Bioskop Malaysia tayang ngak? Please tayang dong.. 😢😢
YouTube,Baru trailer aja gw udh ngik2 depan HP 😭
YouTube,mantaaap
YouTube,Gak bisa kalo cuma modal jelek 🤣🤣🤣
YouTube,Premisnya bagus rumah hantu jadi rumaht hantu  beneran dari o pengunjung yg mati karena sakit jantung liat hantu hantuan 😂
YouTube,"Akhirnya terwujud, film berkat Bene ""ngompas"" ko ernest di AL.ternyata langsung meng kristal bah jd film yg ditunggu2.. scene ""setane batak toh!"" LOL"
YouTube,ernest prakarsa mewujudkan impian anggota agak lain..
YouTube,tayang Malaysia pliss
YouTube,Gak sabar liat scane abah pican
YouTube,Ah masih lama
YouTube,"Agak laen di sumut : mobil parkir di pinggir lampu merah, semua kendaraan berlomba2 dilajur kanan biar santai/lambat, yg salah yg marah, berlomba2 masuk okp, banyak coverboy okp dipapan reklame disetiap jalan, lebih banyak mamak2 yg maen judi kartu"
YouTube,"show stand up udah mahal2.
nonton film beginian lumayan bs nutupin, bayar 35rb, banyak komiknya.."
YouTube,🔥🔥🔥🔥🔥
YouTube,"😂👍🏻 terbaiklah kalen semua komika bersatu buat film lucu, tembus 2 juta view penonton !!!
#amiin 
#sukses terus untuk semua yang terlibat di film ini ✨"
YouTube,"ini gua kasih tau klen semua!!, jadi semala ini dari kecil aku nonton filim hantu"" kalau ada bangku rotan yg goyang"" itu bukan hantu tapi angin duduk!! 😅😅"
YouTube,Ini kayaknya film warkop yg jd pegawai hotel dulu
YouTube,Genre Saya ini Mah Komedai 😅😂
YouTube,"JEGEL GARANSI 1 JUTA PENONTON

Kalo ga 1 juta, jangan lari kau jegel"
YouTube,Angin duduk 😅😅😂😂
YouTube,Waahh gasabar
YouTube,Aduhh pgen lihattt😂😂😂 pasti lucu n seru
YouTube,😂😂😂
YouTube,Nopek said : setane bapak cok😂
YouTube,Udah gak sabar menunggu 🔥
YouTube,aku udah ada budget nonton buat hari pertama pokonya harus hari pertamaaaaaa nonton
YouTube,Semangat abang2 ku😍😍😍😍😍
YouTube,Kayaknya haruuss nonton....mskipun akj penakut siih tapi bakal ngakak teruss kayak nya🤣
YouTube,setannya batak cok HAHAHAHA
YouTube,"'bukan salah bantal ini lho'
(Indra Gunawan si penghambat agak laen tukang j*di)


 Semua kalimat bikin ngakak sih asliiii"
YouTube,Harusss nontooooon gak mau tauuu !
YouTube,Batak wkwk
YouTube,Calon box office niii
YouTube,gasabar woi harus nonton🔥
YouTube,Curang Klean..knapa harus Februari ?!? gak bisa kah di percepat ini ?!? Agak Laen emang Klean yah ku liat #ahahaaha
YouTube,lohhh akhirnyaaa beneran jadi buat film
YouTube,"""1 Juta ku garansi""
-Indra jegel"
YouTube,"Anying cocok bener indra jegel jadi setan 
Tumben si oky botak di ajak wkwkk
Kaku bener romanya si oky wkwk"
YouTube,Kelasssss🔥
YouTube,Buaaahhahahaa lucu kaliii 1 februari.. Keburu nongol di tele😂😂😂😂
YouTube,0:25 keren supercup nya
YouTube,"Perasaan Chou Mobile Legend juga pernah bilang ""Agak Laen"" Sama si Fredrin saat si Fredrin bilang kalau Waifu nya dia itu adalah Lemon. Kalau penasaran lebih detail nya, cek aja di Channel nya Gray Animation. Saat Hero Novaria Rilis"
YouTube,Lucu banget
YouTube,Rumah orang miskin 😅😅 kimak si prita 😂😂
YouTube,SIAPPP NONTONN
YouTube,"wahahahaha... gak mungkin gak lucu, isinya komika doang 🤣🤣"
YouTube,Gak sabar pngen nonton
YouTube,"Mamat jadi polisi???
Wewww suatu yang sangat langkah"
YouTube,Ada Sadana Agung mantappp!!😂
YouTube,Respect Ko Ernest.. laki2 yg pegang omongannya!!!❤
YouTube,The real Horor komedi ini sih. wkwkwkw agak laen emang
YouTube,siappp di save tglnya
YouTube,Bisa bang Bene main film? 😂😂😂 agak laen bah😅
YouTube,aaaa gasabar nunggu filmnyaaa
YouTube,"Sukses abang-abang buat project film Agak Laen, mudah2an bisa balek modal 🤘"
YouTube,Finaly sutradara ikut main jg bene 😂
YouTube,Emang agak laen
YouTube,Benar-benar agak laen rupanya ini film. Baru trailer aja udh menarik kali bah😂
YouTube,Hahaha semua nya pelawak hahaa
YouTube,Keren 🤣
YouTube,"Tenang aja bang jegel,ini pasti lebih dari 1 jt penonton 😂"
YouTube,Wehh dr trailer aja udah nyengir2 gw 😂😂😂
YouTube,mengobati Djoerig Salawe yg gagal tayang
YouTube,"Ih kok serem ceritanya ngebunuh orang dan dibercandain, maksud anda?? Memberi turorial serial killrr diluar sana? Rapi harusnya tayang Oktober sih pas haloween"
YouTube,Mamat jadi polisi😂
YouTube,"Lama kale heii??!!! 1 Februari pula, kirain aku bulan depan 😐"
YouTube,Aduh lama lagi  ga sabar
YouTube,ga sabaaarrrrr
YouTube,kalo gini om2 kecil bakal menang taruhan...
YouTube,Wkwkw Napak asli ya mirip sekali
YouTube,Damn 🔥
YouTube,Angen dudok bah 😂
YouTube,Cocoknya tahun baru sih liburan nataru
YouTube,1 juta penonton pasti jaminan lah pokoknya
YouTube,"kocaakkkkkk hahahahaha
rame sih ini fix yg nonton ke bioskop!!!"
YouTube,wuhuu enek nopek wkwkw
YouTube,gak sabar!!!!!
YouTube,Bang kapan tayang nya ?
YouTube,Setan batak 😂😂😂😂😂
YouTube,Manyalaaa🔥🔥
YouTube,Ada gus nopek auto nonton
YouTube,PATEN KALI BAH😂😂😂
YouTube,Kangen banget film film kek gini yang bener bener full isinya komedi
YouTube,"Seru nih lumayan beda sesuai judul ""Agak laen"" moga gak zonk 🤣😅"
YouTube,"weh keren kali trailernyaaaa.
nonton nih keknya gua. kapan muncul di bioksop?"
YouTube,"Angin yang bisa jatuhin kursi lipat, Angin Duduk"
YouTube,Dari trailer kelihatannya lucu
YouTube,buset inimah dari trailernya aja udh keliatan film komedi bagus 😂 ga sabar mau nonton
YouTube,Kalau di malaysia macam mana mau nonton ya
YouTube,Info tanggal bang
YouTube,Bagus nih
YouTube,Alhamdulilah bg oki di ajak
YouTube,Trailernya aja udah komedi
YouTube,Setane mbatak to😂😂😂
YouTube,WOWWWW
YouTube,akhirnya oky diajak maen film jg...
YouTube,jadi no satuuu
YouTube,pasti penuh punchline ini... hahahahahaha....
YouTube,😂😂😂😂😂😂😂😂
YouTube,"Masih lama bnget in tuh,"
YouTube,Meledak 💯🔥💥💥
YouTube,Bangkek.. Lucu x😂
YouTube,Ga sabarrrrrrrr buatt kado ultahh harus nnton ini
YouTube,keren wajib nonton ini haha
YouTube,Itu musuhnya spiderman ko ada disini
YouTube,1 February lama banget 😭
YouTube,Mamat msh jd aparat sebelum buka Mamat gunshop 😂
YouTube,"Kirain film ""agak laen"" Kirain ber thema tentang batak atau medan."
YouTube,"Omak,  betuln dibuat film samaa ko ernes"
YouTube,Omak jelas ah 🙌
YouTube,nt agak laen :)
YouTube,"Ada si lae itu pulak, males kali akuuuu"
YouTube,"Woeeyy akhirnya jadi juga pilem agak laen ini 😭😭😭

Dari episode agak laen bareng ko Ernest, mereka minta dibuatin film berempat walau setengah bercanda setengah serius. dgn agak gak yakin tp akhirnya mau, ko Ernest mengiyakan. Dan TARAAAA MAKJRENGGG!!! JADI JUGA BJIRR 😭👍🏼"
YouTube,GK nyangka ko Ernest nepatin janjinya.. 😂😂😂😂😂
YouTube,🔥🍿🔥
YouTube,Boris jadinya makin sereeemmm... hahaha
YouTube,Pliis cepet keluarrrrr pengen banget nntn😭
YouTube,fix nonton
YouTube,Jahh mamat nyamar jdi polisi
YouTube,Gua tunggu❤
YouTube,"setane Batak..
wkwkwkwkwk"
YouTube,kenapa jadi full cerita hantu dah 😅😅😅
YouTube,"Pak Arif Didu akting ketakutannya keren, jeleknya dapet banget"
YouTube,"YANG AWALNYA CANDAAN DAN TIBA TIBA DEAL BIKIN FILM DAN AKAN SEGERA PREMIER DI BIOSKOP KEREN KALI ABANG ABANG AWAK INI EMG CONGRATS ABANG""🔥🔥 BTW TUTOR CEPETIN TANGGALAN GIMNA GUYS BIAR BISA CEPET"" KE TANGGAL 1 FEBRUARI 😅"
YouTube,Bagus euy
YouTube,Di netflix ada ?
YouTube,angin duduk hahaha.....
YouTube,Inimah kosan pasukan bermarga + bapak bapak titik kumpul 🤣
YouTube,Top markotop Ernest telah mewujudkan janji nya membuatkan film untuk Agak Laen.
YouTube,Tinggal di kampung yg ga ada bioskopnya padahal pengen banget nonton
YouTube,Gajelas kontlo
YouTube,"Baru trailer aja udah ngakak ngakak😂, ga sabar nonton di bioskop🥰"
YouTube,Ngapaaaaa dah lu???
YouTube,"Paten kali, ud pasti lucu ini mahhh"
YouTube,Premisnya unik.. gak sabar pengen nonton😅😅
YouTube,Gaassss
YouTube,Hantuu Batak wkwkwk
YouTube,Jegel udah yakin bilang depan koh ernest 1juta penonton udah di pegang.....
YouTube,Bagus premisnya
YouTube,Akhirnya mas mas cadangan kiper dipake shooting wkwk
YouTube,Ada Aci Resti Bikin Nambah Pecah❗
YouTube,Agak berat ini 1 jt penonton 😢
YouTube,Wajib nonton
YouTube,Sapu bersih piala citra lah ni film di ffi 2024🤣🤣
YouTube,Gasss
YouTube,Kocak asli😂😂
YouTube,1jt garansi 😂😂
YouTube,"Please bang ,, tayangin di Malaysia donk ,,"
YouTube,Siap hadir di bioskop
YouTube,Tak sabar menunggu bang kaku jadi hantu
YouTube,"Rumah hantu kan materi Yudha Keling, kenapa dia gak diajak?"
YouTube,"Kalo dulu ngeri_ngeri sedap tak bisa nonton secara langsung,kali ini harus bisa nonton ke bioskop😁,kyk ny keren kali bah😂"
YouTube,Gassss lahhhh
YouTube,Gak sabar banget pengen nonton
YouTube,gassss gassss
YouTube,Wkwk.. lucu lagi..
YouTube,Kereeennnnnnn kejadian juga akhirnya 👏🏻👏🏻👏🏻 #agaklainthemovie #filmagaklain
YouTube,Bahhhh😂
YouTube,Lucu kali abang abangku
YouTube,😂😂
YouTube,Gak sabrrr nunggu tgl 1 Februari
YouTube,"gasabar buat film film agak lain selanjutnya. walaupun ini belum tayang, tapi semoga sukses, biar film format grup gini bisa ramai lagi dan meramaikan industri film Indonesia gk cuma horor drama doang"
YouTube,Si nopek😂😂😂😂
YouTube,Baru trailer nya aja udah ngakak 🤣🙈
YouTube,Setannya Batak😂
YouTube,"Angin apa yang bisa bukak kursi lipat??? 

Angin duduk 😅😅😅.. 
. 
. 
Dua kata lucu 😂😂"
YouTube,"Jangan lama kali tayangnya bang, keburu abis duit awak buat beli tiket"
YouTube,Gak Sabar pengen nonton...
YouTube,Jiwa warkopny maasyaallah yaa ✨
YouTube,angin duduk dong😂
YouTube,Too setane batak too…🤣😂
YouTube,Trailernya detail banget…nggak takut udh kebayang kah ?
YouTube,"Setan ' e Batak

Bye Gus nopek"
YouTube,Wajib Nonton demi minimal taruhan 1 Jt Penonton😂
YouTube,1 juta aman lah wak !! sepelenya itu
YouTube,Bang bene pasti dapat penghargaan akting ter tidak kaku👌
YouTube,kacok ini balakan
YouTube,Akhirnya Oki main film
YouTube,Tak Sabar Mau Nonton... Walaupun Jarak  Kota Kisaran  Tepatnya Di Irian Plaza Bioskop 21 Dari Tempat Aku Tinggal sekitar 20 kilometer tidak masalah. Salam Dari Komuntias Pasukan Bermarga. Salam Kenal Dari Anak Kota Kerang Tanjungbalai Sumatera Utara.😊 Agak Laen.... Maen Kali Jang...!!!
YouTube,Kerennn bangg
YouTube,wajib nonton ini buat semua nya
YouTube,1 juta penonton mah bener-bener lewat sepertinya koh ernesttt
YouTube,wkwkwkkw ngeriii kalii
YouTube,"Jirrr....ngakak pas nopek bilang, setane batak to... 🤣"
YouTube,"Ngakak pas liat bang boris bilang ""pak, s.s.ssibuk gak?"" 😂😂😂"
YouTube,Ada ms nopekkkkk pasti nontonnnnnnnn✌️💃💃
YouTube,lama bgttttttttttttt
YouTube,Wiii kereeeen
YouTube,"Meskipun bang Dem Dem, berperan jadi hantu. tetap kena cahaya-cahaya itu"
YouTube,awas aja klo gak lucu 😡
YouTube,Wajib nonton full ketawa 😂
YouTube,""" juhhhh setanne batak too"""
YouTube,sangat ditunggu 🔥🔥🔥🔥
YouTube,Menit brp?
YouTube, @sakafathi  nonton aja bang
YouTube,Film sampahhhb
YouTube,"Dari trailer nya menjanjikan nih film, mantapp gak sabar nunggu"
YouTube,Trailernya ditonton ulang ulang karena lucu banget😂😂😂😂
YouTube,Wiii kerennn
YouTube,Oki mantap
YouTube,harusnya sih full gerrr komedy dar der dor terkekeh-kekeh dah gak sabar mau ke 21 kalau dah rilis.
YouTube,Ahahah gokil
YouTube,Ya ampuunn pengen x ku nonton. Syg x Aceh g pny bioskop 😭
YouTube,Fresh ni ceritanya bagus keknya
YouTube,Tolong dipikirkan cimana kami di luar negri bisa nonton nanti filmnya model berbayar gitu.. paling ngak kami ngak harus nunggu 6 bulan untuk muncul di Netflix. Terimakasih Komandan Ketua's
YouTube,'angin yakan?' ketua Oki Rengga Winata gini doang ngakak saya. allah!!
YouTube,"1jt penonton lebih. Yok lah yok, pastiiiiii......"
YouTube,Paling gak suka film horor tapi x ini agak Laen memang harus nonton ini🎉😊
YouTube,Wajib nonton
YouTube,Angin apa yg bisa buka kursi lipat? Angin Duduk ya kan. jokes cerdas😂
YouTube,Lucu kalii fakk rispekkk
YouTube,"Masih lama bah!!
februari baru tayang, ga sabar lg awak 😂❤"
YouTube,Adakah di Netflix
YouTube,Sumpah ku tunggu kali ini film nya bang
YouTube,Weehh masih lama weehh😂😂yuk bisa yuk langsung di share... Biar banyak yg nonton yayayayaya
YouTube,Kudu di tonton nih seru abis film ya..
YouTube,Kapan Ini keluar nya
YouTube,"Terima kasih baang

Sesuai dengan ultaahku hehehehe"
YouTube,Aduhhh ....nunggu tayang di netplik kapan yeaaaaaaaaa 😢😭😭😭
YouTube,"Ini LPM di atur gak nih? Jangan terlalu rapet LPM nya, takut keram perut gua ntar... 😂😂😂😂"
YouTube,ahhh keren kali bahhh
YouTube,Kimbeklah nengok trailler nya aja udah buat penasaran
YouTube,Gas
YouTube,Full KOMIKA yg semuanya lagi Naik Daun😂😂
YouTube,nonton sama boru sasadaku pastinya lah🥰🥰
YouTube,letsgoooo🔥🔥
YouTube,abang abang ku ga sabar kali ah nonton klen berdua sm mantan ku siapa tau balikan ye kan
YouTube,"AAAA GA SABARRR NONTONN
WISHLIST FILM 2024"
YouTube,"gx sabar pengen cepet nonton, udah keliatan kayanya ini seruuuuuu"
YouTube,Lucu bgt 😂
YouTube,GASABAR GASABAR GASABARRRRRRR
YouTube,"NONTONNN WAJIBBB, JANGAN CUMA SEKALI YAAAA GUYSSS.. KITA GASKAN LEBIH DARI SEJUTAAA🙌🙌🙌🙌🙌"
YouTube,"Permisi teman2😂,ada kah disini yang tau gmn caranya bisa DM bg Bene? Atau ada yg tau email nya ga ya? 
Sungguh ingin mengutarakan sesuatu buat beliau...
Btw...ga sabar mw nonton film nya bg bene...sukses terus buat klian"
YouTube,"Orang2 itu lagi,  Circle2 itu lg. 

Boring."
YouTube,harus nonton sihhhhh
YouTube,1.5 jt kami garansi koh
YouTube,1 febuari asu masih lama
YouTube,Nah ini agak laen ni dari film laen 😂 PENASARAN NJIR
YouTube,Setannya batak cokkk 🤣🤣🤣🤣
YouTube,Setane gak patuuuuut 🤣🤣🤣seketika langsung ngakak..
YouTube,ANJIR SUMPAH TRAILERNYA AJA NGAKAK KALI BAH
YouTube,aku mau nontooooonnnn
YouTube,0:31 Saya cuma ketawa pas liat adegan arief didu lari ketakutan terus mati. entah kenapa akting terlihat natural dan tidak melucui seperti aktor aktor tahun 80an
YouTube,wah kocak nih 🤣
YouTube,Wih seru kayaknya
YouTube,Anjeeeng lucu kali lah we dr trailernya ajaa wkwkwk
YouTube,Pasti lucu ni
YouTube,"Ngeri2 sedap bah hati abang2 ku ini menunggu tahun depan, balik modal gak yaaaa 😂"
YouTube,mantep yg kaya gini gini nihhh patut di tunggu
YouTube,Fress sih blm buat film indo
YouTube,Ternyata premis Perempuan Tanah Jahe Enam dipake beneran...😂
YouTube,Ayooo kita nonton ...ga sabar ih😂
YouTube,Agak laen emang haha
YouTube,Fulll boked pasti di hari pertama
YouTube,"Terharu sendiri. Dari obrolan dgn Ko Ernest, bs sampe jd film beneran ❤ biarpun ku jauh di Singapore & ga bs nonton bioskop, klo tayang di ott, saya pasti tonton 😂❤"
YouTube,"memang agak laen kau bang. adegan orang mati kau ketawain. emang cocok lah kau nonton pilem ini bang, sama-sama agak laen kalian hahaha.."
YouTube," @tsaniaafdaulay  astaga serius aku, lucu kali liat aktingnya Arief Didu lari lari sampai mati . Kayak bukan akting"
YouTube,Amin
YouTube,Masih dekat ke Batam itu kk hehe
YouTube,Singapura deket kali bang
YouTube, @cisco639 beliin tiket ferinya ke batam dong. 😂dikira murah apa beli tiket feri PP Singapore Batam 😵‍💫
YouTube,Ahir nya bang Oki diajak main film..😭
YouTube,Februari lama kali bah
YouTube,Terwajib ditonton
YouTube,Satu juta penonton yee kan..
YouTube,ANGIN DUDUKK WKWKWKWK
YouTube,"""Kelen ini hantu, harus seram. Gak bisa kalau cuma modal jelek.""

Njirr.. gini doang dah ngakak aku 🤣

Tek-tokan timing-nya itu loohh.. yang bikin jadi tambah lucu 😂

Jadi gak sabar nunggu 1 Febuari ❤"
YouTube,"😂😂😂SOPAN KALI MANGGIL ANTU😂😂😂😅
BATAK KALI.."
YouTube,Kalo ada babeh pasti lebih pecah lagi nii
YouTube,Kapan ni rilis nya
YouTube,Trailer nya aja lucu mampus.
YouTube,masuk daftar
YouTube,Setan ne Batak 🤣🤣🤣🤣🤣
YouTube,Waaa bagus bgt masalah yg diangket wkwkwkwkwkwk gak sabar mo nonton 10 kali biar 10 jt penonton wkwkwk
YouTube,"Full komika gk mungkin gk lucu lah wkwkwk produser, sutradara komika semua wk"
YouTube,wow menarik nih temanya
YouTube,Gak sabar kali pengen nonton ini. Kapan lagi ya kan liat hantu main film
YouTube,Aaaaa ga sabar nontonnya!! Pasti lucu bgt😂
YouTube,"Wih Mak, jadi nggak sabar awak mau nonton nya. Baru lihat cuplikan tayang nya aja dah ngakak awak."
YouTube,Menunggu abah pican 😊
YouTube,Anjay ngomongin nih film sama bang Ernest baru 4. Bulan yang lalu
YouTube,Semoga tayang di bioskop Taiwan
YouTube,Gk sabar loh pengen nntn🎉
YouTube,Ada nopek all inn
YouTube,Fix film pecah rekor komedi tahun 2024 si ni
YouTube,Seru banget 😂😂😂😂😂😂
YouTube,Kren wak
YouTube,"harusnya dari trailer, ini bakalan jadi top film komedi indonesia tahun depan!!!!! Klo ga tayang di thailand, malaysia, singapore, dll SAYANG BANGETTT!!!"
YouTube,"Gak Mungkin Gak Lucu Ini,,Di Tunggu Movie Nya Agak Laen..
Sehat Selalu Untuk Semua Yg Terlibat Dalam Pembuatan Film Nya..🎉🎉🎉🎉🎉🎉🎉"
YouTube,Tolong lah abang2 ku @agaklaenofficial undang bang Mongol stress kenapa. Uda mau  Natalan Lho kita nih
YouTube,Tolong lah abang2 ku @agaklaenofficial undang bang Mongol stress kenapa. Uda mau  Natalan Lho kita nih
YouTube,Tolong lah abang2 ku @agaklaenofficial undang bang Mongol stress kenapa. Uda mau  Natalan Lho kita nih
YouTube,Tolong lah abang2 ku @agaklaenofficial undang bang Mongol stress kenapa. Uda mau  Natalan Lho kita nih
YouTube,Tolong lah abang2 ku @agaklaenofficial undang bang Mongol stress kenapa. Uda mau  Natalan Lho kita nih
YouTube,Seru bgt ini... 😁
YouTube,Agak laen ni film wkwkw😂😂
YouTube,"Bang pras disini kumel banget yampun, ku ulang ulang terus, ini bang pras bukan sih kok jelek banget, pas liat tato angka sepuluh nya baru sadar kalo ini emang bang pras😂😂😂"
YouTube,Bang Boris tadi kukira aming hahahahaha
YouTube,Tissa ngapain disini lucu banget😂😂
YouTube,LUCU BANGETTTT AAAA
YouTube,"rumah orang miskin!, temponya langsung naik dan terus nonton trailernya hahhaa"
YouTube,Joke nya yg paham orang indo bro. Ga paham orang luar joke batak 😂
YouTube," @Agno247  jokes batak ga kentel ah , secara komedi masih relate kok ini actoutnya🤣"
YouTube,​ @Agno247 orang malaysia selalu paham jokes indonesia sih bang. Mereka biasa nonton film kita
YouTube,Faham boss...bataknya tidak susah mau faham...lagi pun ada translate..​ @Agno247 
YouTube,Sedang ditayang di Malaysia.
YouTube,Joke nya ketebak jadi biasa aja
YouTube,​​ @davehafid3979 Jokes film indonesia semuanya dibawah film ini
YouTube," @davehafid3979  kan film komedi, bukan acara komedi, nonton film beli moment nya juga wkwkw, nonton ama pasangan seru sih kemaren wkwkw"
YouTube, @davehafid3979  biasa aja hampir 10jt 3 bulan baru turun layar
YouTube,Di Singapore Udah ada Cuman di 3 bioskop doang
YouTube,Udah tayang di luar negeri kok
YouTube,Pencarian goggle : Bombabola
YouTube,Buset buzzer
YouTube,ga sabarrr nnton cuy !!!
YouTube,"keren kali looooo
masih keingetnya episode sama ko ernest kirain boongan aja ternyata bener dijadikan film ini ,
yoook ramaikaaaan yooook"
YouTube,"Agak laen satu Grup lawak yang solid dan diakui Pakde Indro. Agak laen punya keunikan dan diferensiasi jelas yang dapat bikin grup ini solid dan eksis. Sebagai Individu punya kesibukan, aktifitas dan karirnya masing-masing namun ketika bergabung dalam grup saling melengkapi dan tidak ada yang menonjol semuanya punya karakternya masing-masing. 

1,5-2 Juta Penonton tembus ini 2024"
YouTube,"Imajinari pertama buat drama•comedy trus diikuti romance•comedy sekarang lanjut lagi jadi horror•comedy, ga sabar selanjutnya!"
YouTube,paten kali abang abang ini
YouTube,"iya.. angin duduk... 🤣🤣
gak sabar nonton.."
YouTube,tanggal berapa ini di puter?
YouTube,Berangkaaattt…
YouTube,"konsep rumah hantunya, ngingetin pee mak 😂😂😂"
YouTube,ketua ketua awak mantap kali memang
YouTube,1jt penonton pasti sih 🎉🎉🎉
YouTube,Pingin nonton
YouTube,"NONTON TRAILERNYA AJA GW NGAKAK 
WAJIB, HARUS, FARDHU AIN BUAT DITONTON 😂"
YouTube,"Klo ini sukses, yakin banget aku group seperti GJLS juga bakal masuk radar koh ernest (Imajinari) buat jadi film juga."
YouTube,"Berharap bisa jadi judul yg lain juga seperti warkop, terus jadi banyak filmnya."
YouTube,GA SABARRRRRRRR 😍😭
YouTube,Pass mau masuk bioskopnya harus tebak2an kuis dulu gk ya 😂
YouTube,Pasukan tanpa marga siap menyerbuuuuuuu tiket
YouTube,Meriah kale 🤣🤣
YouTube,Wahaha sepertinya bagus film ini
YouTube,"Minus babe sama lolox bah, 😅😅"
YouTube,Di tunggu🔥
YouTube,Spill pengalaman nonton sendiri di bioskop donk😭mau nonton tapi gada temen
YouTube,lucu bangett fakkk
YouTube,GASABAR!!!!
YouTube,"Fix lah, 1 juta Pasukan Bermarga siap membanjiri bioskop2...!!! 💪💪💪"
YouTube,WHUAAAH PENGEEEN BANGET NONTOON
YouTube,EMANG BOLEH SE KOMIKA INI ISINYAAAAAAAAAA❤️🧡💛💚💙💜🤎🖤🤍♥️
YouTube,Harus nonton ga boleh engga!
YouTube,😢😢😢 gak bs nonton lgsg
YouTube,“cook setane batak coook” 😭😭😭😭
YouTube,"trailer nya aja udah ngakak, apalagi ntar full movie nyaaa wkwk"
YouTube,you had me at 'bukan salah bantal ini' aduh ngakak!
YouTube,Angin duduk 😂😂😂😂😂
YouTube,"benar udah si jegel, sejuta tembus ini.. mantapppp!!!"
YouTube,Haaaa gak sabar pen nonton
YouTube,BESOK AJA TAYANGNYA BISA GASII??? GA SABAR MAU NONTON!!!!
YouTube,"Trimakasih imajinari, acho & agak laen uda ditayangin pas tgl ultah aku, gak sabarnya  mo ktawa2 aku di bioskop, Insya Alloh tembus 2 juta"
YouTube,Tayang di malaysia plisss 🙏🙏
YouTube,Macam gini mah 3juta penonton. Tembosss!
YouTube,Nyiapin motor untuk jalan 1 jam 50 menit ke sengkang buat ktawa2 di bioskop di hari ultah aku
YouTube,Gas banda Aceh medan. Buat nonton 1 Februari
YouTube,"Full standup comedy semua ya, ngk sabar nunggu nya"
YouTube,Yg nonton dua kali 😂😂😂
YouTube,Waini
YouTube,Angin duduk gak tuu... 😂
YouTube,"pas bgt temanya pemilu ""Hantu Politik Bergentayangan"" hehehe..."
YouTube,Lucu nih 😂
YouTube,wah seru lagi nih keknya
YouTube,"Filem ini nanti disiar di platform on-line nga?  Saya di seberang Lautan Pasifik pak, nga bisa ke bioskop"
YouTube,"Trailernya aja udah keren, jadi gak sabar"
YouTube,Anggi Marito 🥰
YouTube,Bner gx boong si koh Ernest 😅 jadi juga film buat si ank2 agak laen ini.. gokil pecah nti nih hahaha
YouTube,"Gokil lucu banget, baru trailernya doang ini"
YouTube,Njirr arief didu mati jantungan wkekwkwkwkwk😂😂
YouTube,edann trailernya aja uda lucu kali gini bahhhh😂😂😂😂😂
YouTube,Eh bisa lebih cepat tayang tak
YouTube,Aaah tahun dpn 😍
YouTube,Gasss  g sabar nonton😂
YouTube,Bangsatt baru trailer aja udh lucu 😅😅😅
YouTube,Setannya batak toh 😂
YouTube,Sama wehh...mengsedih
YouTube,BISA 1 JANUARI AJA GAA TAYANGNYAAA???!!!!! MAU CEPET NONTON FULL!!
YouTube,Angin duduk😂
YouTube,😂😂😂
YouTube,INGFOKAN TANGGAL TAYANG ABANG-ABANGDA
YouTube,Asli horor komedia tulen bukan nggak tanggung tanggung
YouTube,1jt seminggu ini
YouTube,"Gilak kelen di bikin ya, rame pulak kelen bikin kawan komika itu ya 😂🎉👍"
YouTube,AIHHH KEREN KALI KETUA KETUA KITA🔥🔥🔥🔥
YouTube,"Aku dah 16 tahun loh ga nonton ke bioskop, tapi kali ini aku mau sempatkan utk jadi bagian pelem agak laen. Sukses yaaaaa. Semoga 1 thn = 1 pelem dari kalian. Aamiin 🤲"
YouTube,"Jadi deal2an sama Ernest di podcast itu serius, dan dah dikerjain  jg. Perasaan belum lama nonton podcast nya, ini sdh ada trailer"
YouTube,"Ku pikir 1januari,pas baca comment ternyata 1February.semoga bisa."
YouTube,Kayaknya oki mencuri perhatian nih😂
YouTube,Gokil!
YouTube,fix nonton ini mahh kudu harus
YouTube,wajib tonton biar tiap tahun ada terus pelemnya kayak warkop
YouTube,Film kek gini 1jt ? Yaaa 2 lah kalau bisa mah lebih
YouTube,Ku tunggu lah
YouTube,anjiang🔥🔥🔥
YouTube,keren
YouTube,YEYYY!!
YouTube,mau cepet2 nonton
YouTube,"Aslii sii yakin bngt bakal lebih dr 1jt loh.. aku yakin bakal ngalahin ngeri"" sedap.. yakin kali akuu"
YouTube,ga expect jadinya horror comedy wkwkwk
YouTube,Apasihhhh ya Allahhh wkwkkwkwkw masih ngakak aja beneran jadi film🤣🤣🤣 insya Allah bakalan nonton di bioskop
YouTube,Ih seneng kali lah wak tayangnya di bulan lahir aku. Jadi hadiah ultah nih fix
YouTube,"Kalo film komedi harus lah premisnya lucu, trailernya ini aja udah bikin penasaran... gasss lah pasukan bermarga"
YouTube,Namanya nopek gk masuk di kredit .. Apakah cuma muncul sekali 😂😂😂😂
YouTube,The next warkop
YouTube,Udah gak sabar nih...klo liat pemain nya dominan komika gini... 😂😂
YouTube,Ah gak sabar kali aku tunggu sampai Februari. Udh langsungkan aja besok lah bang🙌🏻🥲
YouTube,sedap kali warna plus gerak kameranyaaa. pasti nontonnn!
YouTube,ahhh❤
YouTube,Lhes ayo...... Tayangke
YouTube,Cukk setane batak cookkk🤣🤣
YouTube,Dinasti komika .... chuaakkzz
YouTube,GAK SABARRRR
YouTube,Yg aku suka dari IMAJINARI adalah..para komika yg jadi pemainnya...GOKSSSS...emang..
YouTube,"Paaaakkk, sibuk gak??  Sopan kali kau manggil HANTU.. 🤣🤣🤣"
YouTube,"Ngakakkkkkkk, padahal masih trailer"
YouTube,gasabaar🔥
YouTube,"1 februari? 
tah nyampe tah gak nyawaku buat nonton ni film di bioskop"
YouTube,pak gunadi...oh noo
YouTube,Siap booking tiket aku
YouTube,"wkwkwkwk gw suka premis nya,,, keinget film lawak2 tahun 1980-an kayak warkop,😂😂"
YouTube,Aksjjssjjshsjsha keren kaliiiiiiii😭
YouTube,nonton trailer ini suda 1000×
YouTube,Makkkk gak sabar kali ah liat akting nya ketua bene wkwkwkwkwk
YouTube,Menonton ini demi melihat akting ketua Bene. Mending mana dibanding Katakan Suntuk
YouTube,Wah... Akhirnya main film kelean semua Bang😂
YouTube,"بإذن الله 
lebih dr 2juta ❤"
YouTube,gilee dari trailer nya aja dah seru batt
YouTube,Humorku sebatas angin duduk
YouTube,Nopek😂😂😂😂setan e batak to..
YouTube,Harus liat gak sii
YouTube,angin duduk yaaaa wkwkwk
YouTube,"Masuk Akal juga 1 Februari, Enak disuruh nunggu lama, mome pemilu 😂😂😂"
YouTube,"Lumayan ada hiburan, sebelum pencoblosan"
YouTube,bisalah lah ini nonton 1 keluarga nanti
YouTube,Pasti ku tonton
YouTube,"Dah dijamin 1jt penonton sama ketua jegel, jadi pasti filmnya lucu, ngakak kocak😂"
YouTube,Ih gk sabar 😦
YouTube,"penerus warkop nih abang2 satu ini, semoga jadi banyak film"
YouTube,"GOKIL, trailer nya aja udah ngakak kocak!!!🔥🔥 cant wait ketuaa❤"
YouTube,tolong gruduk tubruk bioskop klean lah pada opening day supaya pilem ketua ketua ini tembus sejuta lebih bahkan🔥🔥🔥🔥
YouTube,MAKIN GAK SABARRRRRRR
YouTube,Astagaaaaa tuhaaann 1 februari msi lamaaaaa... Kenpa gak besok ajaaaa.. Sudah mupeng ini
YouTube,inni emas dan ttp bakal masterpiece buat fans podcast agak laen!!
YouTube,Hantu angin duduk 😂😂😂
YouTube,Trending kn
YouTube,Akhernya banyak jugak porsinya bang Oki Rengga 😂
YouTube,Wajib nonton
YouTube,AKHIRNYAAAAAAAAAAAA can't waitttt
YouTube,Keren2
YouTube,Wajib nntn sih ini.. Wajib 1jt penonton lebih jg
YouTube,'setane batak tooooo' 1:10
YouTube,Beneran jadi film kelen ya banggg😂😂😂 film yg wajib ditontonnnn
YouTube,kapan ini tayang di tiktoknya wa? 🤣🤣🤣
YouTube,bagus
YouTube,baru trailer aja sudah terpingkal-pingkal ketawanya. palagi full movie...nda sabar nunggu
YouTube,Jaminan jutaan views ini ketua 🤣
YouTube,Visualnya sih menjanjikan
YouTube,Kayaknya endingnya nanti ada credit title
YouTube,Aku suka3 😂
YouTube,"Mantap memang ketua beneee, Oki, komandan boris dan jegel. nda maen2 ektingnya bah"
YouTube,Wah mantapp ini trailernyaa
YouTube,"Kalau liat trailernya si, ini lucu pasti filmnya 😂"
YouTube,Terharu aku woy 😊😢
YouTube,"Pemainnya rata2 komika,, seruuuu nih"
YouTube,Bagus production value nya! Trailernya keren!
YouTube,Lucu bgt anjir ga sabarrrrrrrrrrhhhh
YouTube,Mantab akhirnya keluar
YouTube,"Bakal nonton ini ke bioskop nih, siapsiap 1 juta penonton ko ernest💥"
YouTube,ketua ketua ku... ga sabar
YouTube,Ga sabar weee
YouTube,Nopek : setannya Batak 😂
YouTube,Lama kali 1 februari dah gak sabar nontonnya
YouTube,gokillll
YouTube,nggak sabarrrrrr
YouTube,Wiihhh.. udh ada trailernya..👏👏 seru kyk nya ni... agak laen emang ni film 🫰✌️👍
YouTube,1 februari lama kali bangsat
YouTube,Ga sabaaarrr!!! Kayanya kocak sih.. all in di atas 1jt penonton hoho
YouTube,Anying angin duduk😂😂
YouTube,"Gokilll trailer nyaa , up up 1jutaa lebih penontonnya aminn , HORAS. Agak Laen Maju Terus Amin GBU 🙏🏻👍🏻👍🏻"
YouTube,GAK SABARRRRRR
YouTube,😂😂😂
YouTube,Mantap🎉🎉🎉
YouTube,terharu aku ketua
YouTube,pasukan tidak bermarga siap meramaikan!
YouTube,Pasukan Sunda Pride siap merapat. Can't wait liat Komandan Boris & Ketua² lainnya 🔥
YouTube,Tak sabar menunggu…. 🫶🫶
YouTube,Mari kita serbu bioskop
YouTube,Taruhan terbesar jegel😂
YouTube,"Kayaknya bakal petjah, nih. Ngga sabar nunggu Feb 2024! 😆"
YouTube,angin duduk🤣🤣🤣🤣🤣
YouTube,weee lama kali February ini
YouTube,Hanya bisa mendukung hasil karya mereka dengan cara mennton film ini ... Di tunggu waktu tayangnya ... #Memang Agak Lain ...
YouTube,100% komika semua nihh.. mantap.. 😂
YouTube,"1 juta penonton, kita patenkan pasukan bermarga 🤜🤛"
YouTube,masih lama ternyata bah
YouTube,Masihhh lamaaa niannn
YouTube,Buat versi parody bang kalo udah rilis nanti
YouTube,"Pasti nontonnya harus ke medan dulu, ya kan bang..?"
YouTube,Emang di Aceh ada bioskop bg 🗿
YouTube,"Pertama baca nama reflek bacanya ""slangkangan"" ternyata sengklekman hahaha sorry ya malum udah malem"
YouTube,goksss lah udah pastiii
YouTube,"""TOOO SETANE BATAK TOOOO"" ASU LAH NOPEK 
🤣🤣🤣🤣🤣🤣"
YouTube,Gas terus ketua
YouTube,Anjir ternyata obrolan sama ko ernest serius wkwkw
YouTube,nonton gengs!
YouTube,Gas
YouTube,ga sabar mau nontonnnn😭
YouTube,"Seandainya bisa tayang lebih awal, ketawanya bisa lah jadi pembuka tahun baru :-P"
YouTube,"lucu filmnya para ketua, cuman tolong lah sound ngegetinnya dikurangin. apalagi nanti pas dibioskop, jantungan awak"
YouTube,mending nonton ini daripada nonton film item putih di bioskop bikin mata sakit.
YouTube,CANT WAIT
YouTube,Keren
YouTube,wajib ku tonton ini
YouTube,Kok gak kaku bang bene
YouTube,Gasabar
YouTube,GASABAR KALI PENGEN NONTONNN
YouTube,UMAKKK TRAILER NYA AJA LUCU KALIIII 😂😂😂 GA SABAR AKU LAAAAAA
YouTube,Kerennnnn
YouTube,"Pemain nya comedy konsultan semua, mana ada ga Geeerrrrrr ini film .. Gasskaan pasukaan!!!!!!!!!!!!"
YouTube,"ikut bahagia dengan semua pencapaian agak laen,,semoga nanti tembus 1jt views"
YouTube,Baru kek gini aja saya sudah ngakak..
YouTube,Ketuaaaaa
YouTube,auto nonton di hari pertama
YouTube,Gasabar nunggu tayangnya wak 🎉🎉 pasti 1 juta penonton ini mah
YouTube,❤❤❤❤❤❤❤
YouTube,❤❤
YouTube,1:25 ekspresi komandan kaku emang sangat sesuai dengan julukannya
YouTube,Boleh g sih ini nintonnya bawa anak umur 11 tahun???
YouTube,"Pasuka bermarga siapkan pasukan , kocakk parahh bisaa lah tembus diatas 1 juta ini 😁😁😁"
YouTube,setane batak cokkk
YouTube,"Ini diaa film pertama dari grup lawak Sumatera Utara, AGAK LAEN😂. Belum nonton tapi sudah berharap ada film"" lainnya, aamiin"
YouTube,"[edit] beda versi dengan yang diputar di bioskop 30 November kemarin 🧐

seandainya aku cuti, pasti ku tonton 🤤"
YouTube,Kok ga ada tretan muslim
YouTube,Angin apa yg bisa buka kursi lipat? Angin duduk ya kan? Wkwkwkwk. Best nih. Wajib nonton!!!
YouTube,HAYUU LAAH BOX OFFICE SMEOGAAAA!
YouTube,Tontonan paling di tunggu ini wak
YouTube,Ketua bene kenapa lucu kali kulihat ya. Kaku kaliii 🤣
YouTube,NAMA GUS NOPEK GK MASUUK GMNA INIIIII😡
YouTube,akhirnya kiper ke 3 maen film 🔥
YouTube,"Wow KEREN BANGET 👍
Tahun ini shooting, tahun depan tayang 🥳
Dan tanggal bertepatan dengan hari ulang tahun nih 🎂 bagi yang merayakan nya 🎉"
YouTube,😂 emang sumatera utara agak laen dr pd daerah sumatera lainnya
YouTube,"Yg di bioskop itu teaser bang, yg ini baru trailer"
YouTube," @aslapamungkas836  oh gitu ya 😅
maaf-maaf 🙏"
YouTube,Harus nonton fix..😂
YouTube,"ya Allah, izinkan film ini ditonton lebih dari 1 jt penonton 😭🙏 🤍"
YouTube,gara gara podcast akhirnya jadi film...
YouTube,Yg kena serangan jantung arif didu gasih?
YouTube,sayang kali aku sama klen 😭
YouTube,Kacooo iniiiiiii mantap kali laeee
YouTube,Duh nggak sabar buat nonton klean
YouTube,Akhirnya bang oki rengga maen filem
YouTube,Anjaaaaaay
YouTube,setan e batakkkk 😂
YouTube,BANGGA SAMA KALIANN 😭 ❤
YouTube,❤❤ FILM PERTAMA HOROR KOMEDI SETELAH SEKIAN LAMA. DARI TRAILERNYA AJA UDAH PECAH PASTI 👍👍👍👍
YouTube,Udah gak sabar pgen nonton
YouTube,"Tembuslah 2jt penonton ini..
Ga sabar woy nunggu 1 Feb 2024!!"
YouTube,gila beneran jadii 😭😭
YouTube,yah masih lama:(
YouTube,"Bisa besok aja gak sih tanyangnyaaa, ga sabar. Kocak bgt ya Allaaah"
YouTube,"sebenernya aku tu udh waswas bgt di awal krn temanya bakal horror, sedangkan aku gabisa film hantu2 gitu. kirain bakal SEHORRORR itu kyk di film2, trnyata engga WKWKWKK syukur deh jadinya bisa nonton 🤣
dan lagi aku jd penasaran bangett sma endingnya mrk bakal gimana........ ih aku gabisa nebak lagi anjir... apakah mrk bakal kena ""karma""? ADUUHH FEBRUARI MASIH LAMA LAGI😩😩😩😩😩"
YouTube,Full Cameo Komika 🔥🔥
YouTube,"oki tinggal pake celana pendek jalan merangkak, udah persis kayak smeagol yg di LOTR. #1jt_penonton"
YouTube,Idem kak😅😅😅
YouTube,lama kali bang 1 Februari 🔥
YouTube,😅😅😅😅😅😂😂😂😂😅😅😅😅
YouTube,Pasti 1 juta penonton ini mahhhh
YouTube,Hahahhaah
YouTube,Fix... nonton biar balik modal abang2 ini...
YouTube,Yrailernya dah lucuu
YouTube,😂
YouTube,aaaaaaa
YouTube,TUMBEN BANG BENE GA FLAT 😂
YouTube,"Kita boikot kalo sampe gak ada intro 
Boris : ""ki, sebelum kita mulai filemnya, belikan lah dulu abang rokok ki.... ""
Jegel : ""aku titip apalah ini, kopi""
Bene : ""aku mau martabak kali lah""
Oki : ""mana duitnya?""
Jegel : ""ih, pakailah dulu duit kau""
Oki : ""pake duitku dulu? Mak, AGAK LAEN bah""
Teng teng teng
Muncul judul AGAK LAEN 😂😂😂"
YouTube,Siap ke bioskop
YouTube,🎉
YouTube,"Tentang orang mati jantungan trus dikubur diem2, hmmmm pasti ide film ini dari Oki"
YouTube,"ga mungkin ga lucuu, produser, sutradara, pemain semuanyaa komika 🔥 fix harus lebih dari 1 jt penonton inii"
YouTube,fak Angin Duduk.. lucu lagi :face-blue-smiling:
YouTube,"1 februari, gaskan.... Kita pasukan tak bermarga juga tak sabar pengen nonton."
YouTube,Kelas abang abang
YouTube,Semoga sukses .....
YouTube,Waah unik & menarik nih ceritanyaa 😅. Agak laen emang. Gak sabar pengen nonton.
YouTube,Oohh disini mamat jd polisi yg viral di twitter
YouTube,Kalo gk ada lagu agak laen kita harus tantrummm 😂
YouTube,"Up terus, biar di dengar kan"
YouTube,Mesti masuk ni 😅
YouTube,2 jt ini mah
YouTube, @T.ak27  aamiin
YouTube,😊😊😊 ayo kita tidur​ @T.ak27 
YouTube,5 juta lah ayo limpul taro buat geli geli ya kan
YouTube,3jt yakin x aq
YouTube, @alfinfebrian2861  aamiin
YouTube,Lebih 3 juta keknya ini
YouTube, @sabilalmuhtadin6101  aamiin
YouTube,"Batak kali klen bah, limpul pula awak baca"
YouTube,haloo saya dari masa depan.. udah tembus 1 juta bang 😁😁
YouTube,"😂 lucu x 
Kalen komen rasa lelang barang !!!
kalo aku 5,5 jt penonton ✨"
YouTube,Udah nonton vibesnya penonton yg ngakak seruangan bikin makin ngga bs berhenti ketawanya sampek perut kaku😂😂😂sering sering yg bikin film ginian utk therapy kesehatan mental
YouTube,dikasih beban🤣
YouTube,Udah 1 juta bang di hari ke 4 penayangan
YouTube,5 juta breh
YouTube,Menuju 6 juta ygy
YouTube,Udah lebih dari 5jt
YouTube,gasskan 7 juta lah klean tak penasaran tengok oki cs jd manusia silver ?😂
YouTube,Udah 6 jutaa pun mantap kali lah tinggal nunggu orang iti jadi manusia silver
YouTube,Yg bilang nggak lucu kenalan dulu donk sm pemain2nya. Komika2 top bgt. Kalian belum tahu dunia komika.
YouTube,Udah 6 jt
YouTube,Sudah 6jt lebih 😂
YouTube,Sudah 7 juta banggg🎉
YouTube,"Udh 8,2 juta penonton"
YouTube,"9,8 jt wak"
YouTube,Pasnya berapa nih?
YouTube, @fajaralibudiman5738  100rb - 200rb udah syukur
YouTube,2 juta sih
YouTube,"pastiiiiii,,,,"
YouTube,Hmmm benarkah ??? 😵‍💫
YouTube,"Gak yakin aku cuma 5,5 JT,  fix 6 JT penonton. Aku pasang 25rb taruhannya 😂😂"
YouTube,Beban anjeeeng😂
YouTube,Llllllili8🎉🎉🎉🎉reed
YouTube,"Lucu banget ini, 9/10. Selera film gus top notch, go ahead and watch."
YouTube,Sudah 1 juta baru 4 hari rilis 🎉🎉
YouTube,lebih mas untuk hari ini
YouTube,beneran bro wkwkwk
YouTube,"udah 1,2 JT nih"
YouTube,Malah sudah dua juta penonton per tanggal 8 Feb...
YouTube,Hari ini 2juta
YouTube,8 hari udh 2jt lebih
YouTube,"Kenapa gag ada yg seperti pelawak² zaman dulu ya, ada ke yg ngikutin SATU AJA, pasti FILM KOMEDI INDONESIA MENDUNIA seperti dulu"
YouTube,Udh 4 jt
YouTube,Udah 4juta🎉🎉🎉🎉🎉
YouTube,Wkwkw udah 4 juta keless
YouTube,Udh tembus 4jt
YouTube,Udah masuk 4juta otw mau 5juta guys 😂
YouTube,Otw 5 jt bang
YouTube,Ga lucu liat trailernya apalagi filmnya
YouTube,Udah 5jt bang
YouTube,udh 5 jt
YouTube,udah 5jt penonton😂
YouTube,"fakta bg, penonton nya udh mau 6jt, sy yakin bisa 10jt ini"
YouTube,​ @cicaksudahberani rekor penonton terbanyak film apa ya di Indonesia?
YouTube,Humor gue doang yang beda kayanya 😅
YouTube,udh 6 juta real count nya malah
YouTube,Sudah nonton dan emang lucu banget
YouTube,7 juta
YouTube,"Udah 6 jt we, emang kocak kali org ini 😂"
YouTube,7jt inmh
YouTube,"Just info, udah 6jt"
YouTube,udah hampir 7jt wkwkkw
YouTube,"well, uda 7 juta+ gess"
YouTube,Udah 7
YouTube,7 juta sudah bg
YouTube,7 juta boy saat ini wkwk gokil
YouTube,terakhir update 7 jt penonton
YouTube,"Sdh 20 juta lebihh,, jagooo👍👍"
YouTube,udah 7jt penonton ini mah
YouTube,Udah 7 juta 😂
YouTube,tembus 7jt kerenn
YouTube,7 juta
YouTube,2 kali gue nonton ini . Anjing emang ketawa ampe nangis
YouTube,Sudah 7jut
YouTube,Udah 7jt guys
YouTube,Sudah tembus 7jt wir...
YouTube,Udh 7juta mlah
YouTube,Sudah 7 jt 😅
YouTube,Terpantau menuju 8jt gaesss
YouTube,Aku 7 jt
YouTube,Udah 7jt lebih 😂🎉
YouTube,Udah 7 juta ajee
YouTube,sdh tembus 7juta penonton!!!
YouTube,7jt cuk😂
YouTube,Tembus 7 juta
YouTube,sudah 10 jt
YouTube,udh 7 juta
YouTube,"Udah 7,5 juta"
YouTube,"Udah 8,3 juta"
YouTube,Udah 7juta ni bang
YouTube,Sdh lebih 7 jt penonton saking lucunya❤❤😂😂
YouTube,Satau
YouTube,Eh BTW UDAH 8JT INI BANG
YouTube,Udah lebih 8 juta bang😂
YouTube,Udah 10 juta wei 😅😂
YouTube, @MuhammadTaufiq10  wah masa?? Ngelewatin KKN ini??
YouTube,Sudah tembus 7 juta
YouTube,7 juta gaesss
YouTube,Menuju 9 juta😂😂
YouTube,Udah 8jt aja nih
YouTube,Udah 10 juta bro
YouTube,Tembus 9juta boss... 🚀🚀🚀🚀🎉🎉🎉🔥🔥🔥🔥🔥
YouTube,Akhirnya 9 juta penonton di Bioskop...
YouTube,Udah 9 juta ni bos 😂
YouTube,"Dan kejadian kan, udah mau 10jt malah
Kita yakin sih, kalo abis lebaran masih ada di bioskop.
FILM TERLARIS SEPANJANG MASA ini mah"
YouTube,"Sudah 9 jutaan penonton. Peringkat ke 2 setelah film KKN didesa penari yang 10 juta 60 ribuan, Kalau film KKN waktu itu ditayangkan lagi ya dibioskop dengan  diselipkan scene2 yang baru ke film kkn nya sehingga penontonnya bertambah. 
Nah sebaiknya nanti film agak laen juga melakukan itu.. Menayangkan lagi film nya dibeberapa bioskop dengan diselipkan Scene2 baru sehingga penonton yang udah nonton  jadi nonton lagi.. Dan penonton yang belum sempat nonton jadi Bisa nonton dibioskop. Sepertinya akan mengalahkan jumlah penonton KKN deh.. Dan akan jadi Nomor 1 penonton terbanyak film agak laen ini."
YouTube,9 juta malah 😅😅
YouTube,9 juta bang 🎉
YouTube,Dan ternyata 9 juta lebih
YouTube,Otw 10 juta bang
YouTube,Damn 9 jt
YouTube,Uda tembus 8.9jt bang
YouTube,Sudah ready di platform online kah?
YouTube,"hari ini 14 mei 2024 udah tembus 9,13 juta Penonton. ... tpi ane belum nonton wkwkwkwkwkkw"
YouTube,Udah 9 juta
YouTube,2 jt😊😊
YouTube,Sekarang tembus 9juta
YouTube,Iya betul .. lihat cuplikannya aja ngakak bgt . 😂😂😂
YouTube,Aamiin
YouTube,​
YouTube,2 jt
YouTube,Comcon awwe gak mungkin gak lucu
YouTube,tembus 500rb aja udah syukur lawak kalian
YouTube,​ @tarmandolam sdh tembus 5jt penonton nih
YouTube,"​ @tarmandolam udah hampir tembus 4 juta, lawak kali kau tlol"
YouTube,​ @tarmandolam lawak kali kau
YouTube,"Gua Tertarik nnton ini, krn ada geng titik kumpul😅"
YouTube,SUMPAH SERU KALIIII. GA EXPECT TERNYATA BAKAL KAYAK GINI???
YouTube,Kereennnnnnn pokokny
YouTube,Bang Arief didu baru nampak langsung mati XD
YouTube,premier di bioskop mana bang?
YouTube,penerus warkop
YouTube,"sumpah gasabar banget pengen nonton!😭😭🫶🏻 cameonya tu bnyak bangettt anak2 komika, jd penasaran juga sma akting mrk.. ada bang praz, mamat, trus bnyak juga anak2 hahaha corp, bahkan ada nopek WKWKWK jujur aku ngerasa kyk lagi nunggu film ngeri-ngeri sedap tayang waktu tu, seee-excited itu!
semoga sukses yaa abang2kuuu!! 🫡🫡🫡"
YouTube,"Jadi gk sabar pgn nonton, siap di list tanggalnya"
YouTube,"Dari omong2 becanda ke ko ernest sampai jadi Seperfect ini, dahsyat, salut lah g ada lawan kelen, podcaster pertama di indonesia yg dibuat film, bravo agak laen... Salam pasukan bermarga..."
YouTube,gak sabar
YouTube,"Trailerny aja lucu 
Apalagi ceritany 😭🤣 ..
Anak komika Indonesia 😩👏❤"
YouTube,1jt views ramaikan 😂
YouTube,"titik kumpul dibikin juga, nanti bikin dah imajinari universe"
YouTube,"Fix lewat ini mah 1jt penonton, isinya komika semua dan artis papan atas😂"
YouTube,Duh boleh gk sih segak sabar iniiii....
YouTube,Gak klen bikin hantu Begu ganjang yang terkenal di Medan itu ketua 😂
YouTube,Sopan kali kau panggil Hantu 👻😂😂😂
YouTube,Pasukan Bermarga Asli Ambon Hadir.....
YouTube,"Saingan Warkop DKI the series ini. 
Dulu ada warkop skrg agak laen the series"
YouTube,Bisa langsung tayang ga sih?! Langsung serbu bioskop terdekat
YouTube,Bermula dari iseng2 nodong koh Ernest...😅
YouTube,🔥
YouTube,"Gk cuman cameo , pameran utama, sutradara hingga prodeser. Semuanya komika"
YouTube,Cuma satu scene keknya..
YouTube,Gibran ada jakarta selatan blokm square  habis    nonton bareng sama mama saya agak laen   seru habis komedi dapet sedih dapet terharu sama bertiga kasih reting 9/910
YouTube,Dari iseng2 nodong koh Ernest akhirnya jadi beneran dan serius 😂
YouTube,omaiiigatttttt lucuuuu kaliii wehhhhhh
YouTube,omg  Bang Arief jdi bapak2 kurang berubtung
YouTube,Wajib nonton nih
YouTube,"kek gini bang, ada banyak yg mau ku komen :
1. kenapa rumah hantu ada spgnya, pocong seramnya kakakkk boleh kaaa 🤣
2. kasian om arif didu, suting buat meninggal aja hahah
3. mati salah bantal, jokes apa ini woyy hahahha
4. SETAN BATAKKKKKK KIMAKKKK HAHAHAHHAHA
5. cita-cita mamat jadi anggota bersenjata terwujud akhirnya
6. Setan angin duduk ini komedi apaaaaa
dll, kelen tambahlah, capek aku terkekeh. New Film Genre Unlock, Horror Agak Laen !!!!"
YouTube,agak laenn ni trailer hahahaha
YouTube,mantap smeagol
YouTube,Betul betul ditunjukan sama ketua kaku skil dia berakting mantap!!!!!
YouTube,"Kok lama kali feb tayangnyaaa, udah gak sabar ini lhooo 😅😅😅"
YouTube,"Unik ceritanyaa, seruu ini semoga bisa nonton nanti 🤩"
YouTube,Serbu Supaya Ketua Jegel Tidak Maluuu
YouTube,Wajib nonton sih ini dari trailernya aja udah seru begini 😂🔥🔥🔥
YouTube,Ketua tayang besok ajalah
YouTube,Agak laen👏👏👏
YouTube,Lama kali 1 februari 😢
YouTube,ANGIN DUDOK YAKAN WKWKWKWKW
YouTube,GOKIL!!!!!
YouTube,Kereeeenn bangett
YouTube,Anggi marito
YouTube,Setane batak 😂😂😂
YouTube,"waahh paten kali bah , jadi penasaran"
YouTube,"2. doi kan jadi hantu juga bang ada muncul di belakang kwkwkw

paling ngakak tiap mau mulai, ritual di kencingin dulu wkkwkw"
YouTube,​ @kences666 berarti yang membawa rezeki ke rumah hantu itu Otong nya jegel
YouTube,oh itu arif didu
YouTube,Jelas filmnya sangat berchandya.
YouTube,Seru bgt lagi trailernyaa🎉
YouTube,ANGGI MARITO SIMANJUNTAK  MAEN PELEM BAHH
YouTube,"seneng bangett, sampe nangis dikit wkwk, tau banget ini tu impian kalian berempat ❤"
YouTube,makin nampak acting kelas internasional dari ketua Bene wkwkwkw
YouTube,WAJIB KU TONTON INI!!!! SERIUSNYA ITULAHHH KU BILANGKAN SAMA KELEN AJAK KENGKAWAN PASUKAN BERMARGA DAN ENGGA BERMARGA SEMUA NONTON YA WEEE
YouTube,TERBAIK ABANG AWAK!
YouTube,Yes. ayo kita ramekan 1 feb 2024 di bioskop2 biar abang2 kita ini balik modal. 🎉🎉
YouTube,"kapan in kapan ., ajeeeeeng baru trailer udah kocak.ga sabar pen nonton full nya di bioskop"
YouTube,sabar menanti
YouTube,"Di liat"" bakal seruh ni😮"
YouTube,Mantap Mantap.. emang agak laen ah.. 😍😍😍
YouTube,Siap mendukung ketua Jegel
YouTube,konsepny terkeren ini🔥🔥🔥
YouTube,"buruan klean putar pilmnya, tak sabar aku ini klean buat"
YouTube,siap noton bos
YouTube,ah sueeee penasaran banget plot twist nya hhaha
YouTube,Wih ada gus nopek nih 👏
YouTube,wuoppp jelas nontonlah awak ye kan..
YouTube,Wajib nonton lah ini wak
YouTube,Wkwkwkw geeerrrrr😂😂😂😂
YouTube,setane Batak 😂😂😂😂😂 pi nopi😂😂😂
YouTube,Wajib tontonnn
YouTube,Oki jadi smaegol where's my riiiinggg..
YouTube,liat trailer-nya aja udah ngakak..
YouTube,Kren
YouTube,tembusss ini 1 juta penonton ku tengok
YouTube,Emang agak laen
YouTube,angin duduk😂😂😂
YouTube,🔥🔥🔥
YouTube,oi kok lama kali klean tampilin di bioskop oi.
YouTube,"""Setane batak, To!"" Gus Nopek cameo'ne mak jossss!!"
YouTube,Yg psti awak tim 4 Februari 😂😂😂
YouTube,"Wah tayang sebelum pemilu, agak laen. Bisa kali buat pengalihan isu, biar hasilnya agak laen."
YouTube,Kerrreeeeenn abang2 awak ni dibikinin film
YouTube,Ilang lah damage komandan kita ini 😅
YouTube,"""SCARY MOVIE"" nya indonesia ni 😁👍🏻"
YouTube,HAHAHAHAHA GABISA INI TERLALU LUCUUUU
YouTube,GASABARRRRRR😂😂😂😂😂 KOCAK
YouTube,"Ini ya yg di nego jegel sama koh Ernest,, 2jt views di bioskop harga mati 😅😅"
YouTube,mantabs
YouTube,MY PRECIOUS!!!!
YouTube,aamiin
YouTube,jama'ah cabang jatim hadir
YouTube,ga sabarrr nihhh 🔥🔥
YouTube,"Mantaaap abang2kuuu, siap nonton hari pertama🎉"
YouTube,😂
YouTube,angin yang bisa buka kursi lipat= angin dudok!! 🤣🤣🤣🤣🤣
YouTube,Siapp menonton di bioskop
YouTube,"Wah Kren jugak bang Bene ini ah, jarang2 soalnya yekan kita liat dia pemain utama"
YouTube,"Produser, sutradara, talent...komika semua. Mantap."
YouTube,Ishh... gk sabar 🎉🎉🎉🎉
YouTube,kerreeeen abang2 ini wooiii
YouTube,"""To... setan'e batak to..."" Asuuiii lucu tenan!! 🤣🤣🤣🤣"
YouTube,Setanya orang Batak toh😅
YouTube,Ga ngelawak tp ko lucu😀😀
YouTube,1 juta penonton? ah cetek kali lah itu. sejam tembus ini sejuta!!
YouTube,"Bagus sih, cuman kok isi trailernya kok hampir inti cerita😢😢. Semoga waktu rilis gak mengecewakan lah ya ceritanya"
YouTube,Boleh nih film wkwk tapi masih lama yak
YouTube,"Anjay, fresh from the oven ternyata, kirain telat nonton

Sebagai keturuan klan Samiko, diusahakan bisa nonton hari pertama"
YouTube,"tembos la ini kalo cuma 1 juta, lucu kali klen lo bg"
YouTube,😂😂😂
YouTube,Pasukan siappp
YouTube,AH LAMA KALIIII...KUBAKAR NANTI BIOSKOPNYA KALO LAMA.
YouTube,"isi trailernya sejauh ini masih sama kok kayak yang diceritain Acho dan Agak Laen sendiri di podcast podcast, premisnya ada yang mati di rumah hantu"
YouTube,kan belom tau kita banyak plot twist nya atau engga
YouTube,Blm tau endingnya
YouTube,Tembus ni 1 juta penonton
YouTube,"1 FEBRUARI bangetttt 😢😢😢😢😢😢😢😢😢😢😢😢 


Lama kali lohhh wehhhhhhhhu"
YouTube,"Parah banget dah, tayangnya masih lama 
Hidup ketuan ga mungkin tenang ini. di bikin penasaran pasukam mu ini"
YouTube,"tengok klen lah nanti, 3 kali kutonton"
YouTube,Aahh lama x poun maennya... Kimaklah.. Cepatkan aza. Lah woiiii
YouTube,setane batak hahaha
YouTube,"gak sabar, udah nungguin semenjak belum ada youtube nih"
YouTube,Weis keren kali lah 🤣👏👏👏
YouTube,Yo bisa yo dukung 1 juta taruhan inda ini
YouTube,Kaku kali bah si Bene ini 🤣🤣
YouTube,Uda gak sabar nengoknya
YouTube,"Aduh bisa ga sih tayang nya cepetan, pas libur nataru gitu"
YouTube,"Ehhh february kiii... 
Saya pikir akhir tahun ini.. 
1 juta penonton dari jegel di tunggu kawan - kawan"
YouTube,"Memang lah, tangan dingin bapak Andi Wijaya aka Awwe berkolaborasi dengan bapak Muhadkly Acho ini betol2 gak perlu diragukan lagi. Kekeh kali baru trailer aja padahal 🤣"
YouTube,Pasukan bermarga salam dari kutacane aceh tenggara ketua🙏
YouTube,Endingnya 🤣🤣🤣
YouTube,"""Angin duduk yakan?""

I DIEDDDDD 
🤣🤣🤣🤣🤣🤣🤣🤣"
YouTube,Sudah siap untuk sjuta view
YouTube,Kerenn.. Dijamin 2 juta sih ini
YouTube,"yang main , AVENGERSNYA stand up komedi indonesia 
pasti sangat pecah sekali tawanya"
YouTube,"Bunuh diri namanya kalo rilis pas natal dan tahun baru
Film Hollywood itu banyak yg narget nataru"
YouTube,kursi lipat kebuka krn anginnya mau duduk 🤣Ya Tuhan
YouTube,mamat jadi polisi wkwk
YouTube,kayanya omongnan jegel bakalan 1juta bisa kejadian nih
YouTube,Weeee 1 februari 🎉🎉🎉
YouTube,Harus kah awa pulang Indonesia dulu biar bisa nongton film ini bah andai bioskop hongkong mutar jga film ini bagia lah ku ini nasib ank rantau bah galau ku di buat nya
YouTube,"AHHHH PATENN KALI AHHH KLEANNN, SAMPEKK NANGIS TERHARU AKU NENGOK TRAILER NYAA LOO😭😭😭 DARI PRODUSER, PENULIS & SUTRADARA, SAMPE PEMAIN2NYA SMW KOMIKAA. GAK SABAR NUNGGU 1 FEBRUARI😭🤧"
YouTube,wuhuuuuuu❤❤🎉🎉🎉
YouTube,Anjing lah lama kali januari ah!
YouTube,Akhirnya yang ditunggu tunggu 🔥🔥🔥
YouTube,Kita pecah kn 1/February di bioskop Medan
YouTube,Tahun depan gak tuh.. Semangat
YouTube,"gasabarr, udah nungguin dari sebelum syuting nih, semoga box office filmnyaa 🔥"
YouTube,"Anjeng nonton trailernya aja komedi komedi podcast agak laen kali wkwkw pas bagian nopek "" setannya batak""🤣🤣🤣"
YouTube,Ini baru ngeri ngeri sedap. Merinding awak 😂😂
YouTube,bismilllah semoga ramaiiii ketuaaaa
YouTube,Kerennnn kali bahhhh ga sabarrrr ntn nya bang
YouTube,WOELAHHH GASABAR MO NONTONNN
YouTube,Harusnya sih lucu ya. Dari premisnya aja udah agal laen memang.. 😅😂
YouTube,otw oscar
YouTube,"Angin apa yang bisa buka kursi lipat?

ANGIN DUDUK"
YouTube,"Omak, wajib Oscar bang Bene itu"
YouTube,Tolong lah abang2 ku @agaklaenofficial undang bang Mongol stress kenapa . Uda mau  Natalan Lho kita nih
YouTube,Tunggu tahun 2024 ya...
YouTube,"Gw denger nya setannya bapak😂 ternyata batak, emang agak laen kuping saya kl tanpa subtitle😅"
YouTube,Kapan lah ini?? Lama kali
YouTube,Ini kalau ga 1 jt penonton nih kasian bang jegel
YouTube,Trailernya aja uda kocak 🤣🤣🤣🤣🤣🤣
YouTube,"Gila gila gilaaaaakkkkk..  past part novek ""setannya batak tho ?!"", Juanccccckkk"
YouTube,"Dah gak sabar ni, kayaknya sedih filmya ni"
YouTube,Kocak habis neh kenya
YouTube,Buhh kerenn abiss abang abang awak ini🥰🔥🔥🔥🔥
YouTube,bisa ini 4 juta penonton kan ketua??
YouTube,premisnya menarikkk😂
YouTube,letsgoooooooooooooooo
YouTube,Pecah nyaaa
YouTube,Ya Allah.. Trailer ajah lucu bet..
YouTube,"Ayok..pasukan bermarga dan kawan semuanya...rame kan ...ini udah digaransi sama jegel,sejuta penonton"
YouTube,Top kali ketua ini wkkwk
YouTube,Jadi kan tayang di tiktok ini ketua?
YouTube,udah lama kutungguu !!
YouTube,Ngerii😂😂😂
YouTube,LAWAK KALI ASLI LAH GAK BOHONG AKU
YouTube,"Pas kali ah,awak kerja di pasar malam"
YouTube,siap menonton 1 februari nanti 🔥
YouTube,februari awaall
YouTube, @and-i3e  ahh lamaaaaa 🤣
YouTube,"Kok 4 juta pula
400 juta pun bisa"
YouTube,Gassss (agak telat nya aku)
YouTube,"""Setannya Batak""🤣🤣🤣"
YouTube,Aaahh masiih lama kalii laah film nii cemanaa ito2 kuu...ga sabar laah...😂
YouTube,Kapan rilis ni
YouTube,Ramekaannnn🔥🔥🔥
YouTube,Ih bener bener agak laen 😂
YouTube,PECAH KALI BAH
YouTube,Lama kali February ketua
YouTube,Mari kita lihat 1:58
YouTube,👍
YouTube,wah gila sih gasabar banget nonton filmnya
YouTube,Acara yg awak tunggu² 😎👏
YouTube,Yey
YouTube,Masih menunggu 😅
YouTube,GASGASGAS
YouTube,inilah film anak anak komika yg sebenarnya 😂😂😂
YouTube,tim uda pantengin nih
YouTube,Aku yg pertama nonton bang 😂😂😂
YouTube,yang ditunggu tunggu
YouTube,1 Februari 2024
YouTube,Bukan comic 8 ya 🤭🤭🤭
YouTube," @OmnivoraMan1981  kalo comic 8 cuman cast nya yg komika, kalo yg ini, dri investor, produser hingga cameo nya, hampir semua dri komika"
YouTube,Tayang nya di mana
YouTube,😮😮😮😮😮😮😮😮😮😮😮😮😮😮😮
